SampleID,FlightID,Callsign,Track Miles,3Di Score,Fuel Burn,CO2,Flight Time
2,1,QTR2V,246.938921,24.2639,1.84041,5.85249,2231
2,2,ETD49D,246.934446,23.6358,1.86598,5.93383,2202
2,3,UAE1KM,329.954550,65.6409,5.17122,16.4445,2849
2,4,DHK002,190.731784,17.0957,6.59117,20.9599,1599
2,5,TOM129,489.488600,3.71188,3.1197,9.92064,3991
2,6,CPA219,246.938921,24.2639,1.84041,5.85249,2231
2,7,EUK930,518.427571,5.87433,5.47779,17.4194,4316
2,8,SIA302,373.268990,62.6914,2.7804,8.84167,3167
2,9,TOM115,489.881792,3.7869,3.12267,9.93008,3994
2,10,VIR128K,476.372069,4.07661,4.55362,14.4805,4035
2,11,RYR31QQ,327.618662,65.7794,1.152,3.66335,2907
2,12,VIR78H,506.089825,10.5309,4.04216,12.8541,4263
2,13,WMT525,186.502312,2.28028,0.605625,1.92589,1796
2,14,RYR116L,279.198809,25.6566,1.00175,3.18557,2570
2,15,WMT6D,281.558913,26.3793,1.16061,3.69074,2594
2,16,WZZ19EK,281.558913,26.3832,1.11402,3.54259,2595
2,17,RYR3XC,237.054036,8.66976,0.717722,2.28236,2198
2,18,WMT74LB,186.502312,2.28028,0.666569,2.11969,1780
2,19,RYR5AB,186.502312,2.28028,0.630273,2.00427,1804
2,20,RYR1691,183.674286,12.195,0.52212,1.66034,1762
2,21,RYR564L,339.051068,54.0365,1.20127,3.82004,2998
2,22,RYR21ST,368.699368,20.2338,1.32165,4.20284,3235
2,23,RYR5LT,223.422890,25.0284,0.693356,2.20487,2078
2,24,RYR72GR,256.736976,9.35429,0.824999,2.6235,2315
2,25,WZZ14VL,280.867283,26.7733,1.09229,3.47348,2567
2,26,RYR2GU,339.057063,53.761,1.44359,4.59061,3055
2,27,EUK94R,537.158769,9.62377,5.26084,16.7295,4501
2,28,UAE34Y,329.954550,65.6409,5.17122,16.4445,2849
2,29,THY9RB,246.933500,23.4442,1.90985,6.07333,2277
2,30,RYR8LK,237.054036,8.66976,0.717722,2.28236,2198
2,31,RUK3187,233.465521,4.51525,2.19635,6.9844,2031
2,32,RYR27FA,188.081680,5.01015,1.95838,6.22766,1661
2,33,NSZ3522,523.672421,72.1866,2.13158,6.77843,4544
2,34,KLM92T,214.266957,9.17392,2.05546,6.53635,1857
2,35,RYR9939,175.595450,17.857,1.65325,5.25733,1573
2,36,RYR237F,224.822623,1.59541,2.15974,6.86796,1962
2,37,RUK2SW,170.324031,5.80111,1.4626,4.65106,1877
2,38,KLM78E,186.907767,3.00755,1.14751,3.64907,1733
2,39,WZZ65SB,188.927157,2.86788,0.618459,1.9667,1815
2,40,SWR8TZ,341.280527,57.8254,1.27905,4.06736,3109
2,41,EZY2197,214.266957,9.17392,1.78392,5.67287,1878
2,42,RUK81BW,278.703171,12.422,2.09437,6.6601,2690
2,43,RYR67GM,188.081680,5.01015,1.68194,5.34856,1672
2,44,RYR29RQ,176.281150,2.52704,1.63015,5.18388,1579
2,45,RYR24BU,220.073948,2.25128,2.135,6.7893,1924
2,46,RYR38GF,261.819880,10.7081,1.99213,6.33497,2251
2,47,RYR442,137.046669,10.7947,1.25532,3.99193,1621
2,48,RYR7JE,335.524116,21.4908,2.68744,8.54607,2831
2,49,EJU7695,406.075978,54.9322,1.69111,5.37772,3559
2,50,PGT1177,246.926475,22.6789,0.966049,3.07204,2298
2,51,RYR3GH,186.907767,3.00755,1.68716,5.36516,1655
2,52,RUK9605,242.130498,17.15,1.9197,6.10465,2549
2,53,AFR57UM,219.594598,3.90385,1.95117,6.20473,1894
2,54,RYR17GA,188.081680,5.01015,1.66426,5.29235,1670
2,55,ETH728,341.373144,52.6532,2.89015,9.19069,2930
2,56,FIN6EN,532.183429,57.1041,2.30063,7.31599,4576
2,57,EZY92VC,218.878585,3.12404,1.80074,5.72637,1911
2,58,EZY10UF,537.086725,2.30301,3.17349,10.0917,4476
2,59,RUK5WD,233.465521,4.51525,2.19631,6.98426,2031
2,60,EZY239G,148.738437,11.3822,1.28525,4.08711,1679
2,61,EZY94KW,219.594598,3.90385,2.03682,6.47707,1898
2,62,RYR9PY,179.430589,6.84169,1.52215,4.84042,1927
2,63,EZY47PW,220.410930,3.08801,2.09471,6.66117,1929
2,64,CJT347,549.894364,9.01977,3.62881,11.5396,4615
2,65,EZY54WA,227.930460,4.29655,1.84013,5.85162,1984
2,66,EZY515,87.039784,10.8637,0.910323,2.89483,1140
2,67,RYR20YW,220.410930,3.08801,2.18019,6.93299,1924
2,68,RYR6ML,232.481638,13.5428,2.13061,6.77533,2077
2,69,EIN2MW,161.047854,12.6356,1.40659,4.47296,1774
2,70,RYR74BN,228.013479,4.31591,2.17698,6.92281,1988
2,71,EAI35ZB,174.028914,3.93444,0.500315,1.591,2615
2,72,QTR97L,375.897839,62.6024,3.70017,11.7665,3238
2,73,EZY56RF,214.266957,9.17392,1.99696,6.35032,1855
2,74,VIR76X,506.089825,10.5215,4.89937,15.58,4263
2,75,EZY73FB,214.266957,9.17392,2.09537,6.66327,1880
2,76,DLH2RX,368.629357,67.4692,1.57412,5.00569,3287
2,77,RYR6IN,313.396598,9.69957,2.23467,7.10625,2669
2,78,RYR8KU,156.895466,8.33226,1.18452,3.76677,1734
2,79,EZY38GP,224.822623,1.59541,2.16319,6.87894,1967
2,80,KLM35N,247.025367,22.0532,1.07669,3.42387,2307
2,81,DHK701,180.086649,20.959,1.5466,4.91819,1705
2,82,EZY805K,110.606339,15.3022,1.07268,3.41113,1346
2,83,EZY809W,170.324031,5.80111,1.45785,4.63598,1828
2,84,EZY31GF,214.266957,9.17392,1.78392,5.67287,1878
2,85,EZY61DW,228.013479,4.31591,2.14111,6.80874,1993
2,86,SVA123,329.816430,63.3898,2.65711,8.44962,2816
2,87,EZY26NL,219.594598,3.90385,2.03682,6.47707,1898
2,88,RYR9TE,216.845527,7.7747,2.10995,6.70964,1895
2,89,RYR961Z,224.134050,16.7053,2.12012,6.74199,1949
2,90,EZY21QF,194.937122,14.92,1.54341,4.90805,2020
2,91,RYR48XK,133.134023,7.39035,1.24514,3.95954,1551
2,92,RYR36CT,220.410930,3.08801,1.78418,5.67369,1952
2,93,RYR9667,214.266957,9.17392,1.81872,5.78353,1882
2,94,EZY39GD,279.980377,11.1405,2.13367,6.78507,2702
2,95,EZY25UV,155.140175,9.55893,1.17912,3.7496,1755
2,96,EZY46AG,216.845527,7.7747,2.07551,6.60013,1901
2,97,RUK76FA,178.840584,11.3908,1.53515,4.88177,2022
2,98,RYR5606,186.907767,3.00755,2.0225,6.43156,1645
2,99,EZY727,274.586984,9.19482,1.77343,5.63952,2668
2,100,EZY89UB,247.182647,6.02719,1.92198,6.1119,2138
2,101,RUK61AB,210.792818,2.18892,1.71214,5.44461,2240
2,102,RUK1862,278.804553,13.2853,2.10587,6.69667,2748
2,103,RYR464M,398.662025,80.2301,1.78049,5.66197,3564
2,104,RYR87UX,216.845527,7.7747,1.80962,5.75458,1902
2,105,TAP1310,396.519840,84.5586,1.41974,4.51477,3654
2,106,RYR28BX,175.595450,17.857,1.62734,5.17495,1573
2,107,RYR2132,455.168264,70.7172,2.07491,6.5982,4019
2,108,RYR4GT,174.020588,3.92996,1.47256,4.68273,1882
2,109,EZY21HX,267.281674,10.2706,2.29732,7.30547,2292
2,110,EXS2B,277.308608,6.86202,2.40379,7.64406,2372
2,111,QTR44E,214.266957,9.17392,5.33287,16.9585,1788
2,112,EAI32PL,150.841034,6.73932,0.443067,1.40895,2342
2,113,EZY102M,146.562588,2.05216,1.26371,4.0186,1645
2,114,EZY81ZA,140.782550,6.53912,1.23675,3.93286,1616
2,115,EZY37UD,86.885116,13.1398,0.900721,2.86429,1184
2,116,IBS3692,348.751363,67.7812,1.61427,5.13338,3085
2,117,RYR8UC,263.021586,7.73062,1.76841,5.62355,2590
2,118,ICE28T,517.902404,34.0193,1.86011,5.91514,4421
2,119,SHT2J,252.128713,83.7111,2.08776,6.63907,2611
2,120,DLH1WJ,324.446774,64.8437,1.30247,4.14185,2902
2,121,EZY3467,224.822623,1.59541,2.02684,6.44534,1962
2,122,WMT123,186.907767,3.00755,1.94303,6.17884,1653
2,123,RYR81MK,242.386139,2.41762,1.63485,5.19882,2386
2,124,EZY48XA,111.895758,18.8025,1.07464,3.41735,1358
2,125,ETD3RH,214.266957,9.17392,4.73532,15.0583,1781
2,126,RYR92YY,263.752769,11.2016,2.00053,6.36168,2266
2,127,RYR387Y,220.073948,2.25128,2.135,6.7893,1924
2,128,KLM72K,187.482853,2.15999,0.736061,2.34068,1814
2,129,TOM186,497.163792,1.58154,7.53536,23.9625,3896
2,130,RYR6DD,225.804324,1.77407,1.85487,5.89848,1974
2,131,EIN2CJ,156.895466,8.33226,1.37779,4.38138,1736
2,132,EZY61XF,214.266957,9.17392,2.0616,6.55588,1880
2,133,EZY79LG,176.554387,10.6684,1.5265,4.85428,1926
2,134,PGT1179,246.926475,22.6789,0.966049,3.07204,2298
2,135,WKT04,245.434838,232.436,0.059651,0.18969,6417
2,136,RYR5727,273.088665,4.48179,2.06237,6.55833,2350
2,137,RYR48YF,327.624657,65.4627,1.38402,4.40119,2963
2,138,WZZ356T,220.073948,2.25128,2.13583,6.79195,1929
2,139,KLM41R,246.893629,21.6075,1.003,3.18955,2310
2,140,RYR149A,157.911708,9.72502,1.19667,3.80542,1794
2,141,TOM5GM,233.465521,4.51525,1.8834,5.98922,2034
2,142,NSZ3523,267.281674,10.2706,2.50801,7.97546,2296
2,143,TOM5BT,200.581329,2.85674,1.76113,5.60038,1773
2,144,EZY406C,189.700797,12.1089,1.49791,4.76335,1987
2,145,TOM8FD,188.081680,5.01015,1.71759,5.46193,1672
2,146,EXS75NE,233.465521,4.51525,2.25006,7.15518,2031
2,147,RYR9BV,233.465521,4.51525,1.89981,6.0414,2034
2,148,RYR81YG,225.804324,1.77407,1.84411,5.86427,1971
2,149,RYR994N,223.422890,25.0284,0.693356,2.20487,2078
2,150,EZY27ED,329.950127,69.2683,1.19126,3.78821,2988
2,151,EZY684H,146.562588,2.05216,1.12808,3.58729,1664
2,152,RYR6HE,171.555642,1.52672,1.63165,5.18865,1541
2,153,EXS4MQ,188.081680,5.01015,1.95838,6.22766,1661
2,154,BEL8AY,325.301104,68.6042,1.45375,4.62293,2927
2,155,RYR6957,295.116688,7.16391,1.89088,6.01301,2822
2,156,EAI91NM,172.682629,3.20985,0.502965,1.59943,2598
2,157,TOM92T,233.465521,4.51525,2.25006,7.15518,2031
2,158,WZZ81PE,220.073948,2.25128,2.17297,6.91004,1930
2,159,TOM955P,159.757379,49.6855,1.55268,4.93752,2197
2,160,RYR52,339.051068,54.0365,1.20127,3.82004,2998
2,161,EZY17CX,244.677973,21.6426,1.08673,3.45579,2242
2,162,KLM92Z,214.266957,9.17392,2.04259,6.49543,1880
2,163,RYR3235,335.121399,72.9185,1.42308,4.5254,3023
2,164,RYR80HX,131.644994,6.83613,1.21871,3.87548,1568
2,165,EXS6H,277.308608,6.86202,2.38134,7.57267,2366
2,166,THY9XP,246.926475,22.6697,1.06007,3.37101,2280
2,167,RUK7FJ,351.929245,68.6583,1.51065,4.80388,3158
2,168,RUK849A,209.413533,4.2981,1.71938,5.46763,2250
2,169,AFR53DY,339.017838,54.8098,1.39831,4.44662,3070
2,170,RYR778W,188.927157,2.86788,0.533021,1.69501,1775
2,171,RYR2LW,322.044258,13.6571,1.32757,4.22167,2882
2,172,TOM835P,299.111712,91.2158,4.48109,14.2499,2835
2,173,SWR3TX,218.878585,3.12404,1.85558,5.90073,1956
2,174,EZY87KF,290.280163,20.855,1.0022,3.18699,2662
2,175,NOZ1344,529.464493,53.6858,2.15807,6.86266,4590
2,176,TOM9FB,247.182647,6.02719,2.26699,7.20904,2141
2,177,EZY20RU,283.135298,13.4243,2.18458,6.94696,2747
2,178,RYR4WC,279.198809,25.6504,1.12722,3.58456,2570
2,179,RYR7HD,223.278715,15.0269,0.656114,2.08644,2076
2,180,RYR6GV,351.929245,68.6583,1.51065,4.80388,3158
2,181,UAE6AQ,214.266957,9.17392,11.5049,36.5855,1774
2,182,EZY46NY,149.590851,4.46983,1.28485,4.08581,1690
2,183,WMT87GC,186.907767,3.00755,2.02184,6.42945,1646
2,184,VIR77N,503.447904,9.25565,8.10696,25.7801,4069
2,185,EZY64JF,242.253127,22.1309,0.898221,2.85634,2242
2,186,RYR28NQ,214.266957,9.17392,1.84643,5.87166,1882
2,187,RYR4HT,524.171282,70.3131,2.00315,6.37,4469
2,188,RYR98PM,220.073948,2.25128,2.18693,6.95445,1924
2,189,EZY72JA,423.878893,67.4654,2.53303,8.05504,3864
2,190,WMT384,220.073948,2.25128,2.14395,6.81775,1930
2,191,EZY15TA,426.764622,104.451,1.90121,6.04583,3822
2,192,EXS17CY,277.308608,6.86202,2.40379,7.64406,2372
2,193,DLH5PF,214.266957,9.17392,1.96894,6.26123,1875
2,194,RYR15TE,370.952910,63.5837,1.63268,5.19193,3309
2,195,WZZ576U,186.907767,3.00755,1.94914,6.19828,1653
2,196,RYR833T,339.051068,53.4272,1.3995,4.4504,2968
2,197,EZY56BY,348.751363,68.1736,1.41818,4.50982,3098
2,198,EZY2120,335.879181,52.95,1.50541,4.78721,2992
2,199,EZY91BH,335.879181,52.95,1.50541,4.78721,2992
2,200,EZY49TF,228.510562,2.94785,1.99261,6.3365,2053
2,201,EXS92KP,233.465521,4.51525,2.18144,6.93698,2036
2,202,RYR648L,260.441708,6.05527,1.72884,5.49771,2551
2,203,EZY917P,146.562588,2.05216,1.31756,4.18984,1645
2,204,RYR82LU,218.878585,3.12404,2.17185,6.90648,1912
2,205,WIF3WH,412.669336,11.0381,1.26896,4.0353,4532
2,206,SHT3G,148.667368,13.941,1.33299,4.23892,1688
2,207,RYR9JQ,256.736976,9.35429,0.782949,2.48978,2315
2,208,RYR86RV,429.897936,105.333,2.00039,6.36123,3892
2,209,EJU59VL,341.382533,57.1084,1.24086,3.94594,3080
2,210,EAI23MN,155.147751,7.23991,0.458363,1.45759,2378
2,211,RYR893,249.817153,5.89774,1.68544,5.35972,2499
2,212,AUA4MA,368.629357,66.6537,1.35271,4.30161,3386
2,213,EJU14YK,233.465521,4.51525,2.16342,6.87967,2035
2,214,EZY62LA,220.410930,3.08801,2.03467,6.47025,1902
2,215,RUK3226,357.513128,6.12175,2.83033,9.00044,3023
2,216,EZY51AR,651.560699,23.5115,2.52601,8.03273,5569
2,217,TOM3TW,180.741676,3.68951,1.67528,5.32738,1614
2,218,SHT3R,148.667368,13.941,1.33299,4.23892,1688
2,219,KLM90B,186.907767,3.00755,1.37851,4.38366,1734
2,220,EZY80DP,354.254715,72.5324,1.29671,4.12353,3183
2,221,EAG12MC,279.274705,79.8249,0.881353,2.8027,4162
2,222,EZY84DB,521.325027,71.3229,2.64594,8.41407,4434
2,223,SAH51P,349.605693,73.5369,0.33039,1.05064,3300
2,224,TOM76G,509.794812,25.6428,2.31626,7.36571,4424
2,225,TOM192,497.163792,1.58111,6.91059,21.9757,3896
2,226,EXS5YK,247.182647,6.02719,2.28007,7.25062,2148
2,227,SHT2Q,257.632065,88.9497,1.8728,5.9555,2732
2,228,EXS95C,233.465521,4.51525,2.19445,6.97834,2039
2,229,RYR79UC,133.134023,7.39035,1.24514,3.95954,1551
2,230,RYR166G,327.618662,65.7794,1.152,3.66335,2907
2,231,RYR9GN,339.057063,53.761,1.44359,4.59061,3055
2,232,TOM288,233.465521,4.51525,2.19635,6.9844,2031
2,233,DLH1ER,373.278380,67.2288,1.37924,4.38599,3337
2,234,FIN4DM,313.396598,9.69957,2.56777,8.16551,2678
2,235,TOM1BX,233.465521,4.51525,2.19635,6.9844,2031
2,236,CPA216,234.110769,15.538,5.60602,17.8272,1934
2,237,EXS31PY,233.465521,4.51525,2.20978,7.02709,2039
2,238,EZY39QP,214.266957,9.17392,2.0616,6.55588,1880
2,239,RYR9X,236.726902,8.46653,0.912521,2.90182,2238
2,240,EXS75JC,188.081680,5.01015,1.92763,6.12988,1657
2,241,EZY34JX,220.073948,2.25128,1.94616,6.1888,1911
2,242,EZY83KJ,341.382533,57.1084,1.24086,3.94594,3080
2,243,RUK25UM,219.045408,9.431,1.77826,5.65488,2313
2,244,EZY23EU,214.266957,9.17392,1.99696,6.35032,1855
2,245,RYR9SY,339.051068,54.0365,1.20127,3.82004,2998
2,246,RYR6EY,299.098337,9.18369,1.94081,6.17179,2855
2,247,EZY3468,425.383256,105.086,1.92462,6.12029,3820
2,248,EZE9417,155.020965,37.0072,0.881268,2.80243,1783
2,249,EZY96WU,233.593588,6.51426,0.861968,2.74106,2180
2,250,RUK91UU,351.929245,68.6583,1.51065,4.80388,3158
2,251,EUK935,466.151053,1.44862,7.83217,24.9063,3783
2,252,RYR5BU,313.396598,9.69957,2.23732,7.11466,2669
2,253,EAI24ME,150.841034,6.73932,0.443067,1.40895,2342
2,254,RYR6QY,223.282590,15.1972,0.832207,2.64642,2116
2,255,RYR8KB,220.410930,3.08801,2.10083,6.68065,1920
2,256,EZY51FL,225.804324,1.77407,2.09602,6.66535,1972
2,257,KLM60A,214.266957,9.17392,1.8844,5.99238,1869
2,258,EZY93LZ,151.509245,7.49518,1.3481,4.28697,1700
2,259,TOM168,464.086741,1.54836,7.85146,24.9676,3670
2,260,DLH4KY,200.581329,2.85674,2.01498,6.40763,1770
2,261,IBS3693,233.465521,4.51525,2.16037,6.86997,2035
2,262,RYR3SG,223.278715,14.9991,0.692737,2.2029,2076
2,263,SIA301,214.266957,9.17392,5.33287,16.9585,1788
2,264,EZY689V,170.324031,5.80111,1.45785,4.63598,1828
2,265,RYR13UD,223.278715,14.9991,0.692737,2.2029,2076
2,266,VLG55TM,351.944473,70.3272,2.00321,6.37022,3139
2,267,BEL8MP,232.481638,13.5428,2.02602,6.44275,1996
2,268,TOM3YJ,233.465521,4.51525,1.89981,6.0414,2034
2,269,RYR5DQ,220.410930,3.08801,2.10083,6.68065,1920
2,270,EXS4GC,233.465521,4.51525,2.19635,6.9844,2031
2,271,AFR41QR,219.594598,3.90385,1.99212,6.33493,1911
2,272,KLM83D,246.893629,21.6075,1.003,3.18955,2310
2,273,EJU90BR,324.446774,64.8437,1.30247,4.14185,2902
2,274,EZY60WM,218.878585,3.12404,1.77345,5.63958,1907
2,275,TOM3WB,218.878585,3.12404,2.09254,6.65427,1907
2,276,RYR28,229.014259,15.4858,1.83669,5.84068,2422
2,277,RYR65LA,351.929245,68.6583,1.51065,4.80388,3158
2,278,RYR42AX,339.051068,53.9095,1.26386,4.01907,2997
2,279,RYR73GG,233.465521,4.51525,1.8834,5.98922,2034
2,280,NOZ1349,357.513128,6.12175,2.89873,9.21796,3023
2,281,THY9DJ,246.926475,22.6789,0.966049,3.07204,2298
2,282,RYR8J,339.057063,53.761,1.44359,4.59061,3055
2,283,SAH26P,232.517856,5.01239,0.19276,0.612978,2336
2,284,EZY2163,214.266957,9.17392,1.78067,5.66253,1859
2,285,EZY62VJ,219.594598,3.90385,2.02221,6.43061,1932
2,286,EAI9PG,125.548230,3.56406,0.383968,1.22102,2011
2,287,EZY86RN,425.383256,105.086,1.92462,6.12029,3820
2,288,EAG13BE,172.010790,14.321,0.513214,1.63202,2630
2,289,PGT18DU,214.266957,9.17392,2.11539,6.72695,1893
2,290,RYR4XY,227.581436,9.12474,2.16635,6.88899,1984
2,291,EZY23ED,335.879181,53.1865,1.3569,4.31494,2994
2,292,EZE011P,258.527422,27.1405,0.684777,2.17759,3790
2,293,RYR27LB,267.281674,10.2706,2.03194,6.46157,2303
2,294,THY5SY,214.266957,9.17392,5.02948,15.9938,1855
2,295,TLJ405F,426.317959,107.855,0.966401,3.07316,3952
2,296,CJT346,518.260678,4.29134,7.21389,22.9402,4175
2,297,EZY83HU,274.586984,9.19482,2.06648,6.5714,2655
2,298,TOM450,216.845527,7.7747,2.10995,6.70964,1895
2,299,EZY50FH,324.446774,64.8437,1.30247,4.14185,2902
2,300,WIF381,374.269206,1.36843,1.36543,4.34208,4134
2,301,ICE29E,489.836041,3.05087,2.97884,9.47271,4071
2,302,EZY2027,233.465521,4.51525,1.86361,5.92628,2028
2,303,RYR2EB,157.932376,9.82868,1.40762,4.47622,1849
2,304,RYR49WZ,233.465521,4.51525,2.19635,6.9844,2031
2,305,EZY2170,244.677973,21.6426,1.08673,3.45579,2242
2,306,PGT7457,246.945389,24.6691,0.814466,2.59,2314
2,307,RYR55JD,218.878585,3.12404,1.81913,5.78484,1918
2,308,VIR75L,466.151053,1.44862,7.71395,24.5304,3783
2,309,SHT3X,151.131342,14.3067,1.15975,3.68801,1733
2,310,RYR52SX,276.438971,23.0729,1.11357,3.54115,2548
2,311,RYR66GV,277.308608,6.86202,2.06008,6.55104,2374
2,312,EZY16BH,273.764206,21.8943,1.22551,3.89711,2483
2,313,RUK39NV,233.465521,4.51525,2.19635,6.9844,2031
2,314,RYR40SX,233.465521,4.51525,1.8834,5.98922,2034
2,315,EZY43QU,228.013479,4.31591,2.18157,6.9374,1993
2,316,EZY20NB,176.554387,10.6684,1.5265,4.85428,1926
2,317,RYR8AK,218.624696,1.09867,1.78437,5.67428,2215
2,318,EIN204,155.646179,9.08932,1.37906,4.38541,1742
2,319,DLH2ET,373.278380,67.2288,1.37924,4.38599,3337
2,320,RYR322Z,218.878585,3.12404,1.80721,5.74694,1915
2,321,EXS24L,257.099248,9.4941,1.01671,3.23313,2364
2,322,EZY58PT,233.465521,4.51525,2.20651,7.01669,2035
2,323,EAI25MU,155.147751,7.23991,0.458363,1.45759,2378
2,324,DHK393,534.943219,6.91987,8.45654,26.8918,4362
2,325,RYR70TV,214.266957,9.17392,2.09267,6.65468,1869
2,326,RYR6863,176.281150,2.52704,1.61031,5.12078,1577
2,327,RUK1593,233.513216,11.7013,2.16917,6.89795,2024
2,328,KLM1547,188.927157,2.86788,0.657114,2.08962,1827
2,329,EZY67AL,465.815298,16.7249,1.71919,5.46701,4066
2,330,RYR6V,233.465521,4.51525,2.17009,6.90088,2026
2,331,RYR446,131.644994,6.83613,1.21871,3.87548,1568
2,332,UAE86H,329.954550,65.6409,5.17122,16.4445,2849
2,333,SHT2V,252.128713,83.7111,2.08776,6.63907,2611
2,334,EJU71BW,221.460411,4.21932,1.78542,5.67764,1928
2,335,EZY529,279.980377,11.1405,1.98999,6.32816,2693
2,336,RUK58QL,534.530823,56.6277,2.46339,7.83357,4631
2,337,RYR85KG,218.878585,3.12404,1.80721,5.74694,1915
2,338,RYR566H,131.644994,6.83613,1.21871,3.87548,1568
2,339,EZY40MC,324.446774,64.8437,1.30247,4.14185,2902
2,340,EZY718,418.375540,63.7786,2.92004,9.28573,3770
2,341,DLH943,200.581329,2.85674,1.72324,5.47991,1764
2,342,EAI93VA,131.386308,6.1154,0.397593,1.26435,2084
2,343,TAP11LC,233.465521,4.51525,1.59889,5.08448,2091
2,344,AUA4GN,214.266957,9.17392,1.54699,4.91943,1932
2,345,EZY52QZ,219.594598,3.90385,2.02221,6.43061,1932
2,346,EXS31CH,354.605666,69.195,1.47827,4.70091,3160
2,347,EZY54YN,242.253127,22.1309,0.898221,2.85634,2242
2,348,EZY62XF,176.554387,10.6684,1.5265,4.85428,1926
2,349,EZY28EB,249.370234,24.1293,0.967636,3.07708,2314
2,350,RYR52BW,267.717996,11.4437,2.33172,7.41488,2289
2,351,TAP1312,396.594866,84.0659,1.48825,4.73264,3654
2,352,RYR3KL,219.594598,3.90385,1.76701,5.61909,1984
2,353,RYR5CG,524.171282,70.3131,2.00315,6.37,4469
2,354,EZY92GM,228.013479,4.31591,2.1815,6.93718,1993
2,355,EZY25GZ,341.382533,57.1084,1.24086,3.94594,3080
2,356,EXS26F,519.260766,5.0525,2.35315,7.48302,4485
2,357,UAE73J,214.266957,9.17392,11.5044,36.5841,1774
2,358,RYR67WQ,214.266957,9.17392,1.78623,5.6802,1879
2,359,EJU15PB,336.733511,57.2724,1.41606,4.50306,3031
2,360,QTR39L,244.596120,22.3179,2.73603,8.70057,2171
2,361,VIR127C,466.151053,1.44862,7.71395,24.5304,3783
2,362,RYR27GT,455.147597,70.7938,1.73059,5.50327,3941
2,363,EZY32QG,233.593588,6.51426,0.861968,2.74106,2180
2,364,EZY56LG,335.879181,52.95,1.50541,4.78721,2992
2,365,KLM58H,214.266957,9.17392,1.87173,5.9521,1911
2,366,RYR70YX,278.703171,12.422,2.09437,6.6601,2690
2,367,EZY49XL,216.845527,7.7747,1.79224,5.69933,1894
2,368,RYR404,133.134023,7.39035,1.24514,3.95954,1551
2,369,RYR57SM,351.929245,68.6583,1.51065,4.80388,3158
2,370,TOM1YH,463.397675,16.5535,2.0757,6.60073,4051
2,371,EZY143M,146.562588,2.05216,1.26371,4.0186,1645
2,372,RYR41TR,272.215861,5.08812,2.03614,6.47491,2328
2,373,EIN205,156.895466,8.33226,1.37779,4.38138,1736
2,374,RYR688Y,431.597731,76.1613,1.60414,5.10118,3733
2,375,EZY92YA,216.845527,7.7747,1.79224,5.69933,1894
2,376,TOM6AJ,339.057063,53.9283,1.28309,4.08021,3055
2,377,RYR2YQ,133.134023,7.39035,1.24514,3.95954,1551
2,378,EZY40AT,218.878585,3.12404,2.05291,6.52825,1914
2,379,RYR4006,351.929245,68.6583,1.51065,4.80388,3158
2,380,SVA124,210.913748,5.10748,4.77968,15.1994,1755
2,381,RYR6YR,156.895466,8.33226,1.38584,4.40698,1742
2,382,PGT1180,214.266957,9.17392,2.11539,6.72695,1893
2,383,EJU81YJ,249.370234,24.1293,0.967636,3.07708,2314
2,384,RYR22JC,228.013479,4.31591,2.22963,7.09022,1988
2,385,EAG14MB,162.940940,11.3916,0.456054,1.45025,2576
2,386,TOM3DY,463.397675,16.5535,2.0757,6.60073,4051
2,387,EXS37K,503.164228,9.69755,2.2806,7.2523,4371
2,388,RYR85MR,339.057063,53.761,1.44359,4.59061,3055
2,389,RYR12AY,223.732955,3.57636,1.78302,5.67,2286
2,390,THY5PG,216.337886,10.1298,2.07816,6.60855,1901
2,391,GLSCW,171.555642,1.52672,1.04006,3.30741,1531
2,392,EUK9HR,518.287884,5.46084,8.48627,26.9863,4182
2,393,EXS71D,548.672574,15.6643,2.55149,8.11375,4732
2,394,QTR2J,214.266957,9.17392,6.1943,19.6979,1823
2,395,NOZ1348,529.464493,53.4705,2.43699,7.74963,4590
2,396,TOM8DW,223.278715,14.9991,0.692737,2.2029,2076
2,397,EZY76YP,214.266957,9.17392,1.98873,6.32416,1890
2,398,RYR4HZ,157.932376,9.82868,1.40762,4.47622,1849
2,399,KLM1548,186.907767,3.00755,1.35754,4.31697,1699
2,400,EAI76LG,182.876203,16.1561,0.525221,1.6702,2734
2,401,RUK8FR,327.624657,65.4627,1.38402,4.40119,2963
2,402,EAI96SL,125.548230,3.56406,0.383968,1.22102,2011
2,403,DLH2NE,325.301104,69.512,1.3594,4.3229,2939
2,404,EZY530,281.753932,12.144,2.00146,6.36463,2723
2,405,RYR3MR,360.067681,2.1509,2.85681,9.08465,3051
2,406,MOVIE,341.378653,57.5321,0.845446,2.68852,2922
2,407,EZY91GE,233.465521,4.51525,2.16345,6.87977,2035
2,408,RYR20JA,398.641357,80.0216,1.52293,4.84291,3497
2,409,TOM4EJ,462.224419,16.3276,2.06966,6.58151,4041
2,410,DLH968,459.656395,109.092,1.39814,4.44608,4068
2,411,EZY65VL,233.465521,4.51525,2.13021,6.77408,2031
2,412,EXS3TJ,277.763493,5.20111,1.12926,3.59103,2539
2,413,EZY517,87.063731,10.8913,0.897131,2.85288,1142
2,414,RYR40SC,339.051068,54.2298,1.14862,3.65261,2998
2,415,EJU34CN,216.845527,7.7747,2.07551,6.60013,1901
2,416,EXS46Y,582.716512,49.7044,2.6635,8.46993,4994
2,417,RYR59FA,398.641357,80.0216,1.52293,4.84291,3497
2,418,EZY64WC,335.879181,52.4973,1.60315,5.09801,2964
2,419,VLG33GU,237.621445,8.29431,2.28968,7.28118,2046
2,420,DHK384,175.595450,17.857,6.48146,20.611,1485
2,421,SHT3L,148.667368,13.941,1.33299,4.23892,1688
2,422,EZY26PU,220.073948,2.25128,1.94616,6.1888,1911
2,423,RYR79HA,220.410930,3.08801,2.10083,6.68065,1920
2,424,RYR29,233.250972,20.9594,1.90637,6.06225,2518
2,425,EZY575C,170.324031,5.80111,1.45785,4.63598,1828
2,426,EZY95QD,233.465521,4.51525,1.86366,5.92645,2028
2,427,DLH3WY,200.581329,2.85674,1.72324,5.47991,1764
2,428,RYR14HB,218.878585,3.12404,2.12032,6.74262,1912
2,429,KLM1079,247.025367,22.0532,1.07669,3.42387,2307
2,430,RYR1BK,278.804553,13.1974,2.11072,6.71208,2789
2,431,RYR6AH,339.051068,54.0365,1.20127,3.82004,2998
2,432,EZY506,149.590851,4.46983,1.28485,4.08581,1690
2,433,RYR2WH,217.040371,18.4708,1.8018,5.72972,2399
2,434,EAG16FV,162.940940,11.0434,0.476528,1.51536,2503
2,435,PHTXA,193.009710,19.1029,0.19064,0.606235,2561
2,436,SAS2549,535.133944,57.0827,2.0838,6.62648,4628
2,437,KLM73E,187.482853,2.15999,0.736061,2.34068,1814
2,438,TOM99J,223.278715,15.0471,0.734484,2.33566,2076
2,439,RYR4WF,223.278715,14.9991,0.692737,2.2029,2076
2,440,EZY30FM,221.460411,4.21932,2.10003,6.67811,1938
2,441,RYR9QA,246.943218,21.9355,0.795248,2.52889,2262
2,442,EXS4TB,479.028310,13.9473,2.13936,6.80317,4154
2,443,RYR7XL,188.927157,2.86788,0.642516,2.0432,1824
2,444,EXS79T,506.297463,10.3128,2.35742,7.49661,4353
2,445,EXS16ES,286.793927,35.4981,1.16054,3.69052,2627
2,446,RYR31YA,188.081680,5.01015,1.68199,5.34874,1672
2,447,RUK4TA,267.281674,10.2706,2.36562,7.52267,2296
2,448,EZY290U,172.499880,14.6169,1.27915,4.0677,1885
2,449,AAB26R,181.339701,8.65999,0.300962,0.957059,1798
2,450,TOM1AW,180.741676,3.68951,1.92058,6.10745,1601
2,451,WZZ65TL,188.927157,2.86788,0.618459,1.9667,1815
2,452,EAI97XT,131.386308,6.1154,0.397593,1.26435,2084
2,453,RYR9628,220.073948,2.25128,2.18693,6.95445,1924
2,454,EIN210,155.646179,9.08932,1.37906,4.38541,1742
2,455,RYR7QL,156.895466,8.33226,1.37878,4.38453,1756
2,456,EAG15MQ,172.010790,14.321,0.513214,1.63202,2630
2,457,VJH357,331.078429,51.0562,0.611218,1.94367,3143
2,458,RUK63LA,233.465521,4.51525,2.19635,6.9844,2031
2,459,RYR86WM,180.741676,3.68951,1.88914,6.00746,1599
2,460,EZY65WD,335.879181,53.1865,1.3569,4.31494,2994
2,461,TOM397,370.946915,64.3252,1.28145,4.075,3252
2,462,SWR31V,339.017838,55.0793,1.33261,4.23771,3072
2,463,TOM93X,579.583277,48.6753,2.78041,8.84169,5012
2,464,EZY40UK,244.677973,21.6426,1.08673,3.45579,2242
2,465,EZY53FL,86.885116,13.1398,0.900721,2.86429,1184
2,466,EAI67FT,188.196935,19.2368,0.555288,1.76582,2839
2,467,EZY21GX,179.306331,11.0976,1.32309,4.20744,1951
2,468,EZY32FV,220.410930,3.08801,2.09471,6.66117,1929
2,469,TOM5AJ,579.562609,48.7892,2.42325,7.70594,4918
2,470,RYR8U,175.595450,17.857,1.59227,5.06342,1568
2,471,EZY78WE,233.465521,4.51525,2.16345,6.87977,2035
2,472,RYR6YX,327.624657,65.4627,1.38402,4.40119,2963
2,473,EZY524Y,146.562588,2.05216,1.26371,4.0186,1645
2,474,SAS541,290.280163,20.855,1.0022,3.18699,2662
2,475,EJU98AN,233.513216,11.7013,2.03093,6.45834,2030
2,476,EJU87CR,214.266957,9.17392,1.78067,5.66253,1859
2,477,RYR2XG,324.446774,64.8437,1.30247,4.14185,2902
2,478,TOM74L,579.562609,49.1319,2.32025,7.37841,4938
2,479,EZY89CM,225.804324,1.77407,1.99812,6.35404,1969
2,480,RUK9WY,220.410930,3.08801,2.1285,6.76862,1924
2,481,EZY25DX,537.086725,2.30301,3.17349,10.0917,4476
2,482,RYR70QF,213.853740,32.0619,1.79564,5.71014,1877
2,483,EXS98DM,503.810940,9.86077,2.28393,7.2629,4376
2,484,EAG17KD,172.010790,14.321,0.505605,1.60782,2614
2,485,EZE012P,143.172796,32.5563,0.435376,1.3845,2232
2,486,EZY12HQ,273.764206,21.8943,1.22551,3.89711,2483
2,487,RYR1AL,222.590782,8.83793,1.8352,5.83592,1947
2,488,TAP1313,233.465521,4.51525,1.62511,5.16785,2093
2,489,ICE2MC,515.516482,33.8089,3.76122,11.9607,4392
2,490,RYR42BB,197.364253,7.52738,1.62833,5.17808,2119
2,491,SAH26P,228.013479,4.31591,0.415918,1.32262,2154
2,492,EZY673F,148.738437,11.3822,1.33794,4.25465,1674
2,493,THY3JL,216.337886,10.1298,2.09539,6.66333,1907
2,494,NJU391T,328.914038,161.307,0.922014,2.932,3464
2,495,RYR27XC,157.932376,9.82868,1.40762,4.47622,1849
2,496,EZY714,170.498029,13.7256,1.30248,4.1419,1921
2,497,KLM74F,186.907767,3.00755,1.37851,4.38366,1734
2,498,AUR78B,418.188723,71.2653,1.16945,3.71886,5788
2,499,EZY2028,399.127771,80.7038,1.49029,4.73912,3553
2,500,DLH969,220.073948,2.25128,1.35646,4.31356,1973
2,501,EZY80GH,224.822623,1.59541,2.12422,6.75502,1967
2,502,TOM616,214.266957,9.17392,4.44541,14.1364,1785
2,503,EIN211,156.895466,8.33226,1.37779,4.38138,1736
2,504,RYR66ZP,278.279342,5.37741,0.91839,2.92048,2485
2,505,RYR141K,216.845527,7.7747,2.10995,6.70964,1895
2,506,RYR3QL,214.266957,9.17392,2.09267,6.65468,1869
2,507,RUK40ZU,455.168264,70.7172,2.07491,6.5982,4019
2,508,RYR11RA,214.266957,9.17392,1.78623,5.6802,1879
2,509,KLM72C,214.266957,9.17392,2.02112,6.42715,1919
2,510,RYR60XF,277.763493,5.20111,0.91657,2.91469,2483
2,511,EWG74U,324.446774,63.5865,1.62347,5.16264,2855
2,512,DLH6RF,214.266957,9.17392,1.9155,6.09128,1871
2,513,RYR6UR,220.410930,3.08801,2.1285,6.76862,1924
2,514,AAB26R,190.731781,17.0957,0.46911,1.49177,1768
2,515,EZY53NK,218.878585,3.12404,2.08648,6.63502,1917
2,516,EZY51AF,438.305798,15.793,1.84275,5.85996,3834
2,517,ETH729,218.878585,3.12404,5.28756,16.8144,1821
2,518,PGT7458,214.266957,9.17392,1.76425,5.61032,1878
2,519,EZY34TC,219.594598,3.90385,2.02221,6.43061,1932
2,520,EZY703E,170.324031,5.80111,1.26166,4.01209,1854
2,521,PHTXA,189.700207,19.5626,0.245499,0.780685,2441
2,522,NOZ1345,353.820038,3.97217,3.01044,9.57321,2993
2,523,RYR8AV,219.843686,2.84913,1.8267,5.80889,1931
2,524,RUK6968,431.679880,76.1332,1.9275,6.12946,3804
2,525,RYR93SF,233.465521,4.51525,2.19635,6.9844,2031
2,526,SHT2G,252.128713,83.7111,2.08776,6.63907,2611
2,527,EIN21KX,155.646179,9.08932,1.37906,4.38541,1742
2,528,EZY68QP,463.063355,16.8752,1.94948,6.19934,4019
2,529,RYR3TX,277.763493,5.20111,1.10844,3.52484,2541
2,530,EZY54BZ,214.266957,9.17392,2.02806,6.44924,1877
2,531,WZZ3322,188.927157,2.86788,0.618459,1.9667,1815
2,532,RYR67TN,171.555642,1.52672,1.87289,5.9558,1527
2,533,EAG8JA,221.912058,12.8572,0.63021,2.00407,3264
2,534,EZY21BM,142.700943,9.70363,1.29908,4.13108,1635
2,535,RYR4FB,188.927157,2.86788,0.642516,2.0432,1824
2,536,RYR9TW,227.581436,9.12474,1.85031,5.884,1989
2,537,RYR6FX,281.623655,25.1849,1.13985,3.62473,2590
2,538,AFR56ZU,335.879181,53.1865,1.3569,4.31494,2994
2,539,EZY65XU,149.590851,4.46983,1.28485,4.08581,1690
2,540,RYR1MQ,157.152479,8.4929,1.37628,4.37657,1752
2,541,EZY9002,231.309784,44.1558,1.88011,5.97875,2363
2,542,EZY57BD,218.878585,3.12404,1.77349,5.6397,1899
2,543,NOZ1326,529.464493,53.6858,2.15807,6.86266,4590
2,544,DHK9AP,175.595450,17.857,6.48146,20.611,1485
2,545,SAS2550,340.481375,6.97175,2.31806,7.37144,2889
2,546,RYR80SB,200.581329,2.85674,1.73905,5.53016,1773
2,547,RYR466T,245.736126,9.46864,1.93748,6.16117,2131
2,548,EAI94LB,174.028914,3.93444,0.48592,1.54523,2650
2,549,RYR71SY,223.422890,25.0284,0.693356,2.20487,2078
2,550,RYR34CN,186.907767,3.00755,1.98712,6.31905,1645
2,551,EZY57HR,219.594598,3.90385,2.02221,6.43061,1932
2,552,RYR80LN,200.581329,2.85674,1.73905,5.53016,1773
2,553,EZY14CX,463.063355,16.9105,2.15862,6.86441,4021
2,554,KLM89S,244.601431,21.862,0.728546,2.31678,2305
2,555,RYR9985,440.686089,17.8203,1.96702,6.25512,3867
2,556,WZZ39FQ,186.907767,3.00755,1.94303,6.17884,1653
2,557,EZY30WM,279.999865,11.1475,1.99042,6.32952,2693
2,558,RYR75BE,226.549859,10.9078,1.84114,5.85482,1980
2,559,EZY89HD,228.530050,2.95575,1.99305,6.33789,2053
2,560,SWR357K,233.513216,11.7013,2.0658,6.56925,2028
2,561,EZY18DH,329.950127,69.2683,1.19126,3.78821,2988
2,562,TOM451,320.264737,65.9097,1.34567,4.27924,2903
2,563,EZY762T,170.324031,5.80111,1.26166,4.01209,1854
2,564,SAS542,253.596045,5.1503,1.94863,6.19664,2190
2,565,EAG18MW,162.940940,11.0434,0.476528,1.51536,2503
2,566,AUR79B,260.197261,9.31009,0.728973,2.31813,3752
2,567,EZY82BL,214.266957,9.17392,1.98873,6.32416,1890
2,568,RYR47DF,200.581329,2.85674,2.02695,6.44569,1766
2,569,EZY38DM,463.063355,16.9105,2.15862,6.86441,4021
2,570,EZY37RE,348.751363,68.1736,1.41818,4.50982,3098
2,571,RYR45GZ,220.073948,2.25128,2.18693,6.95445,1924
2,572,RYR4459,223.282590,15.0558,0.89825,2.85644,2110
2,573,EIN213,156.895466,8.33226,1.37779,4.38138,1736
2,574,RYR7WZ,293.233142,13.5079,1.20693,3.83805,2692
2,575,EZY96HL,465.815298,16.7234,1.75954,5.59535,4066
2,576,EZE9624,164.919803,28.1875,0.490087,1.55848,2513
2,577,RUK4075,351.929245,68.6583,1.51065,4.80388,3158
2,578,EZY24NC,348.751363,68.1736,1.41818,4.50982,3098
2,579,EZY35PY,429.741129,104.555,1.70199,5.41234,3877
2,580,EZY34PC,232.212222,4.84678,0.875938,2.78548,2176
2,581,RUK868P,351.929245,68.6583,1.51065,4.80388,3158
2,582,EAG89LN,212.479577,8.39884,0.624751,1.98671,3170
2,583,EZY50LD,335.879181,51.2101,1.86948,5.94495,2979
2,584,AFR79ZA,336.733511,57.2724,1.41606,4.50306,3031
2,585,SHT3T,148.667368,13.941,1.33299,4.23892,1688
2,586,EZY829X,146.562588,2.05216,1.31756,4.18984,1645
2,587,SAS4610,552.663465,61.8287,2.15985,6.86833,4770
2,588,EZY84KY,651.560699,23.5115,2.52601,8.03273,5569
2,589,RYR57KK,230.452405,10.3718,2.1521,6.84369,2017
2,590,SHT2M,252.983043,85.5615,2.02053,6.4253,2693
2,591,EZY42HN,335.879181,53.1865,1.3569,4.31494,2994
2,592,EWG5BG,214.266957,9.17392,2.00462,6.37468,1856
2,593,EAI95NA,172.682629,3.20985,0.502965,1.59943,2598
2,594,EAG78XT,182.876203,16.1561,0.525221,1.6702,2734
2,595,RYR1PN,351.923250,69.2125,1.25675,3.99647,3100
2,596,RYR48PM,137.046669,10.6569,1.26492,4.02245,1651
2,597,RYR66TZ,244.600521,22.4295,0.967504,3.07666,2288
2,598,RYR61JV,223.422890,25.0284,0.693356,2.20487,2078
2,599,DLH8FF,367.775027,63.2803,1.50876,4.79784,3251
2,600,RYR9UU,370.946915,64.1311,1.33875,4.25721,3252
2,601,RYR629A,339.057063,53.761,1.44359,4.59061,3055
2,602,BOX108,223.414902,24.3027,2.56858,8.16809,2028
2,603,BEL18A,324.446774,64.3778,1.48281,4.71532,2890
2,604,RUK9E,157.152479,8.4929,1.37628,4.37657,1752
2,605,EZY49RJ,281.753932,12.144,2.00146,6.36463,2723
2,606,AFR76FG,219.594598,3.90385,2.0303,6.45635,1906
2,607,EZY58WJ,341.382533,57.1084,1.24086,3.94594,3080
2,608,ICE3MU,355.511712,2.96797,3.97304,12.6343,2954
2,609,EZY80TH,335.879181,52.95,1.50541,4.78721,2992
2,610,RYR2CR,183.678162,12.3976,0.626994,1.99384,1797
2,611,RYR5FL,339.051068,54.0365,1.20127,3.82004,2998
2,612,EZY23HR,179.306331,11.1825,1.31538,4.18292,1934
2,613,RYR3JG,214.041893,10.7623,0.65319,2.07714,2003
2,614,EZY53PZ,367.775027,63.2803,1.50876,4.79784,3251
2,615,EZY3364,233.593588,6.42775,0.955866,3.03965,2179
2,616,RYR13HZ,327.618662,65.5348,1.21242,3.85549,2906
2,617,KLM90S,214.266957,9.17392,1.25565,3.99297,1972
2,618,RYR4GL,163.334051,13.1692,1.44576,4.59753,1903
2,619,RUK192,178.840584,11.5227,1.5231,4.84345,1993
2,620,NOZ1327,357.513128,6.12175,2.83033,9.00044,3023
2,621,EAG19MB,172.010790,14.321,0.505605,1.60782,2614
2,622,UAE20,200.581329,2.85674,11.0824,35.2421,1677
2,623,EZY73KM,244.677973,21.6426,1.08673,3.45579,2242
2,624,EZE624,102.713307,30.6482,0.322579,1.0258,1688
2,625,RYR1105,351.929245,68.6583,1.51065,4.80388,3158
2,626,WZZ2623,186.907767,3.00755,1.94303,6.17884,1653
2,627,EZY28ZJ,329.950127,69.2683,1.19126,3.78821,2988
2,628,RYR740N,246.943218,21.9355,0.795248,2.52889,2262
2,629,KLM31F,188.927157,2.86788,0.657114,2.08962,1827
2,630,RYR2EE,351.923250,68.8786,1.32178,4.20325,3099
2,631,RYR682M,351.929245,68.6583,1.51065,4.80388,3158
2,632,EZY29BF,425.383256,105.086,1.92462,6.12029,3820
2,633,RYR88YK,254.941728,11.9423,1.98445,6.31055,2513
2,634,KLM59W,247.025367,22.0532,1.07669,3.42387,2307
2,635,EAG79PW,188.196935,19.2368,0.555288,1.76582,2839
2,636,QTR95B,200.581329,2.85674,7.22015,22.9601,1675
2,637,EZY35UL,151.509245,7.49518,1.3481,4.28697,1700
2,638,RYR5WH,244.518372,22.3484,0.784797,2.49565,2242
2,639,RYR88YG,398.641357,80.3843,1.48704,4.72878,3492
2,640,RYR449,133.134023,7.39035,1.23794,3.93664,1561
2,641,RYR425D,186.907767,3.00755,1.93942,6.16736,1645
2,642,DHK004,529.244301,0.944897,12.5869,40.0264,4127
2,643,RYR80UL,179.430589,6.84169,1.52215,4.84042,1927
2,644,RUK562,163.334051,13.258,1.43261,4.55568,1876
2,645,RYR42QA,276.438971,23.0729,1.11357,3.54115,2548
2,646,RUK79TK,170.581043,5.94526,1.46009,4.6431,1874
2,647,RYR48PA,157.152479,8.4929,1.37601,4.37573,1771
2,648,SAS4607,358.886368,6.48993,2.6533,8.43749,3039
2,649,EZY54WB,335.879181,52.695,1.54464,4.91197,2982
2,650,DHK375,180.020653,20.6003,0.866788,2.75639,1725
2,651,NJU934N,175.285429,35.416,0.52395,1.66616,1985
2,652,DHK374,190.731784,17.0957,3.8451,12.2274,1636
2,653,RYR67ZG,252.517171,11.3145,1.96415,6.24601,2600
2,654,DHK5DA,190.731784,17.0957,2.65527,8.44376,1655
2,655,RYR2K,174.020588,3.92996,1.48104,4.7097,1866
16,1,MBR388,680.923835,207.327,2.32834,7.40412,7264
16,2,MBR235,706.669092,197.327,0.171072,0.544009,14663
16,3,MBR689,700.417807,200.473,4.24086,13.4859,6697
16,4,MBR28,700.180150,227.177,1.19335,3.79484,6848
16,5,MBR85,700.180150,227.177,1.19335,3.79484,6848
16,6,MBR480,702.704049,231.475,1.69339,5.38499,6153
16,7,MBR659,680.074638,189.084,0.764622,2.4315,8796
16,8,MBR684,703.005155,195.984,0.176642,0.561723,15521
16,9,MBR799,680.717166,221.649,5.23068,16.6336,5977
16,10,MBR800,678.412116,219.997,0.993904,3.16062,6359
16,11,MBR801,678.397333,219.525,3.8948,12.3855,6103
16,12,MBR803,680.686361,210.374,0.692241,2.20133,8432
16,13,MBR804,675.869393,218.861,0.861601,2.73989,6646
16,14,MBR813,678.389332,209.406,4.35383,13.8452,6400
16,15,MBR814,675.869393,213.244,1.20582,3.83452,6785
16,16,MBR392,699.579748,199.81,0.163223,0.51905,14596
16,17,MBR419,680.938448,204.552,0.732314,2.32876,8878
16,18,MBR420,676.120686,218.657,0.389437,1.23841,8614
16,19,MBR502,334.420860,46.1154,0.0879883,0.279803,7816
16,20,MBR569,364.985163,58.7591,0.0910975,0.28969,8231
16,21,MBR352,398.632805,72.397,0.103259,0.328363,9027
16,22,MBR588,398.632805,72.397,0.103259,0.328363,9027
16,23,MBR264,381.536191,73.8534,2.46718,7.84564,3765
16,24,MBR331,371.901055,68.8527,0.252584,0.803219,4897
16,25,MBR360,371.901055,72.3384,0.251208,0.798842,4775
16,26,MBR379,386.618416,74.0356,5.79917,18.4414,3620
16,27,MBR44,395.472781,71.0787,0.0820398,0.260886,9844
16,28,MBR318,371.164560,61.4512,0.0730329,0.232245,9186
16,29,MBR57,381.061218,65.2276,0.0976502,0.310528,8739
16,30,MBR608,386.932295,67.6183,0.494285,1.57182,6352
16,31,MBR165,382.653359,65.8746,0.0980685,0.311858,8775
16,32,MBR437,372.756701,61.6879,0.0730021,0.232147,9121
16,33,MBR853,512.334048,119.579,0.760389,2.41804,5852
16,34,MBR214,512.334048,120.848,0.454756,1.44612,9981
16,35,MBR848,515.124873,119.519,0.134057,0.4263,11797
16,36,MBR599,517.151016,120.521,0.665314,2.1157,6338
16,37,MBR605,517.151016,120.559,0.628711,1.9993,6268
16,38,MBR859,660.645467,204.087,0.432383,1.37498,9863
16,39,MBR411,660.645467,202.635,0.443672,1.41088,9788
16,40,MBR417,691.186395,231.885,2.4008,7.63456,5657
16,41,MBR395,685.773092,217.411,1.28837,4.09701,6379
16,42,MBR406,685.773092,215.171,1.07191,3.40867,6797
16,43,MBR407,685.773092,216.967,2.1049,6.69357,6489
16,44,MBR409,690.547471,214.879,3.13353,9.96463,6217
16,45,MBR418,685.773092,219.908,1.3544,4.30699,6746
16,46,MBR470,685.773092,217.76,0.770343,2.44969,7737
16,47,MBR472,685.773092,222.963,1.14108,3.62862,6631
16,48,MBR473,693.509297,217.617,1.67311,5.3205,6495
16,49,MBR474,693.509297,219.285,1.64984,5.24648,6414
16,50,MBR845,671.463302,215.55,0.438225,1.39356,8011
16,51,MBR805,497.000977,112.157,1.06218,3.37774,6508
16,52,MBR209,501.598965,114.025,0.611069,1.9432,7151
16,53,MBR867,498.029534,112.575,1.33535,4.24643,6527
16,54,MBR869,497.000977,112.548,0.908157,2.88794,6331
16,55,MBR170,500.830213,113.713,0.191587,0.609248,10584
16,56,MBR598,497.000977,112.157,1.06218,3.37774,6508
16,57,MBR832,595.848259,152.488,0.227654,0.723939,12566
16,58,MBR600,493.034946,110.83,0.127069,0.404078,11260
16,59,MBR611,630.177127,170.369,4.13275,13.1421,6371
16,60,MBR808,386.488947,67.5348,3.06377,9.74278,4933
16,61,MBR863,385.296836,66.7818,3.24075,10.3056,5057
16,62,MBR841,376.853811,75.1953,0.47957,1.52503,4170
16,63,MBR862,388.757896,68.5372,2.34196,7.44744,4947
16,64,MBR219,386.750469,67.5395,0.099145,0.315281,8867
16,65,MBR488,398.507109,72.1479,0.379188,1.20582,7268
16,66,MBR153,386.137251,67.1232,0.100025,0.318081,8880
16,67,MBR78,389.410681,68.7513,0.465714,1.48097,5542
16,68,MBR86,384.183797,66.4857,0.681359,2.16672,4957
16,69,MBR154,389.410681,68.7513,0.465714,1.48097,5542
16,70,MBR243,384.086134,74.28,1.2289,3.90789,3947
16,71,MBR282,398.673573,72.2963,0.378281,1.20293,7044
16,72,MBR283,388.766554,68.6197,3.11951,9.92003,4953
16,73,MBR286,381.859127,65.4787,0.585069,1.86052,4931
16,74,MBR289,376.853811,75.1953,0.47957,1.52503,4170
16,75,MBR290,376.853811,71.4472,0.500439,1.5914,4269
16,76,MBR295,387.885807,67.8335,0.476041,1.51381,5563
16,77,MBR325,386.303387,84.5941,0.259111,0.823972,5799
16,78,MBR482,398.507109,72.1479,0.379188,1.20582,7268
16,79,MBR483,389.281294,68.6207,0.972244,3.09174,5002
16,80,MBR484,381.944261,65.4199,1.51843,4.8286,5124
16,81,MBR486,398.673573,72.2963,0.378281,1.20293,7044
16,82,MBR490,386.461997,67.2865,3.17809,10.1063,4962
16,83,MBR491,381.859127,65.4787,0.585069,1.86052,4931
16,84,MBR499,376.853811,71.4472,0.500439,1.5914,4269
16,85,MBR522,376.853811,75.1953,0.47957,1.52503,4170
16,86,MBR647,611.464893,158.654,0.233652,0.743014,12879
16,87,MBR110,608.490462,197.449,1.36573,4.34302,5525
16,88,MBR427,613.903765,195.239,2.14548,6.82262,5122
16,89,MBR442,608.490462,185.454,0.24786,0.788193,10521
16,90,MBR843,616.221662,202.435,1.0941,3.47923,5481
16,91,MBR860,608.490462,195.069,0.614686,1.9547,6177
16,92,MBR626,610.924587,182.067,0.411612,1.30893,9062
16,93,MBR861,610.924587,178.256,0.439986,1.39916,8967
16,94,MBR59,608.490462,196.574,1.44311,4.58908,5496
16,95,MBR466,610.924587,183.472,0.401249,1.27597,9130
16,96,MBR471,608.490462,200.149,0.378858,1.20477,7178
16,97,MBR226,612.379298,159.323,0.158426,0.503795,13948
16,98,MBR222,612.379298,159.323,0.158426,0.503795,13948
16,99,MBR429,471.817433,101.969,0.568531,1.80793,6712
16,100,MBR2,466.999671,101.825,1.33539,4.24655,6664
16,101,MBR5,471.817433,101.969,0.568531,1.80793,6712
16,102,MBR7,469.544443,102.133,3.36095,10.6878,5292
16,103,MBR9,471.778321,102.023,2.95357,9.39237,5238
16,104,MBR10,469.539258,101.967,3.54677,11.2787,5193
16,105,MBR18,471.817433,102.032,0.562407,1.78845,6587
16,106,MBR21,466.999671,100.015,1.56704,4.98318,6097
16,107,MBR66,466.999671,101.484,0.963782,3.06483,6012
16,108,MBR67,471.817433,103.689,0.556094,1.76838,6147
16,109,MBR99,471.817433,102.977,0.56707,1.80328,6245
16,110,MBR172,466.999671,100.664,0.235796,0.749832,8831
16,111,MBR175,471.817433,102.079,0.565436,1.79809,6411
16,112,MBR176,472.035021,102.184,0.180561,0.574184,9998
16,113,MBR179,470.888506,101.706,0.121816,0.387375,10779
16,114,MBR613,466.999671,107.5,0.757779,2.40974,4565
16,115,MBR618,466.999671,102.33,0.992399,3.15583,5436
16,116,MBR621,466.999671,101.552,0.232745,0.740131,8723
16,117,MBR628,471.817433,104.236,0.533263,1.69578,6152
16,118,MBR633,466.999671,100.215,1.50266,4.77845,6108
16,119,MBR636,471.817433,102.547,0.567093,1.80336,6335
16,120,MBR637,493.042904,110.592,0.12694,0.40367,11042
16,121,MBR640,474.154706,107.991,2.19392,6.97668,4392
16,122,MBR646,466.999671,110.102,0.608708,1.93569,5162
16,123,MBR648,466.999671,100.465,0.242153,0.770047,9058
16,124,MBR649,466.999671,108.149,1.05859,3.3663,6381
16,125,MBR661,471.849961,102.516,0.927812,2.95044,5980
16,126,MBR667,466.999671,101.136,0.921928,2.93173,5257
16,127,MBR672,494.703792,111.415,0.119595,0.380312,10250
16,128,MBR674,469.523569,101.76,1.27433,4.05235,5294
16,129,MBR677,466.999671,103.67,0.399103,1.26915,6781
16,130,MBR683,466.999671,100.814,0.707427,2.24962,5674
16,131,MBR685,466.999671,100.721,1.4119,4.48984,6702
16,132,MBR733,469.433796,106.615,0.328557,1.04481,6927
16,133,MBR150,471.817433,101.969,0.568531,1.80793,6712
16,134,MBR856,616.963501,181.644,0.61929,1.96934,8157
16,135,MBR391,616.983257,187.332,3.31538,10.5429,5697
16,136,MBR397,616.945257,186.766,7.54964,24.0079,5769
16,137,MBR447,373.162747,64.2175,0.311254,0.989788,5664
16,138,MBR37,396.949187,71.7128,0.102807,0.326925,8989
16,139,MBR123,396.949187,71.7128,0.102807,0.326925,8989
16,140,MBR256,363.713171,61.3039,0.260974,0.829897,4916
16,141,MBR284,377.815509,63.9657,0.111338,0.354056,8146
16,142,MBR372,363.713171,65.419,0.247109,0.785806,4794
16,143,MBR498,363.713171,59.863,0.269328,0.856463,5054
16,144,MBR520,395.982026,71.1222,0.100138,0.318438,8729
16,145,MBR521,363.713171,61.3046,0.254338,0.808796,4915
16,146,MBR529,374.034097,62.2067,0.143378,0.455941,7955
16,147,MBR565,373.162747,65.5719,0.301626,0.959171,5502
16,148,MBR570,370.092294,60.6055,0.116621,0.370853,8680
16,149,MBR586,368.718487,63.4467,0.539198,1.71465,4281
16,150,MBR591,363.713171,78.6196,0.216997,0.690049,4415
16,151,MBR233,536.606887,128.384,0.134315,0.427123,11893
16,152,MBR456,386.329114,67.2525,0.261908,0.832868,6063
16,153,MBR357,373.320591,64.5382,0.773983,2.46127,4159
16,154,MBR148,652.963293,175.511,0.170422,0.541942,14914
16,155,MBR151,654.061304,176.249,0.169378,0.538623,14887
16,156,MBR234,654.061304,176.249,0.169378,0.538623,14887
16,157,MBR864,654.206507,176.318,0.169416,0.538744,14890
16,158,MBR654,479.230567,109.944,0.220787,0.702104,8323
16,159,MBR84,376.678701,63.438,0.0964987,0.306866,8640
16,160,MBR612,581.940752,153.546,0.387805,1.23322,8624
16,161,MBR615,584.324389,148.725,0.69987,2.22559,7694
16,162,MBR432,427.604165,84.0739,0.538111,1.71119,5574
16,163,MBR722,254.155961,13.5109,0.0589932,0.187598,6438
16,164,MBR215,340.137626,48.5215,0.0869185,0.276401,7819
16,165,MBR213,340.137626,48.5215,0.0869185,0.276401,7819
16,166,MBR277,343.933428,50.7229,0.414742,1.31888,4776
16,167,MBR299,339.910787,48.3455,0.0878295,0.279298,7835
16,168,MBR112,592.736195,151.332,0.153265,0.487383,13506
16,169,MBR449,592.736195,151.332,0.153265,0.487383,13506
16,170,MBR445,592.736195,151.332,0.153265,0.487383,13506
16,171,MBR225,402.807455,74.0643,0.103364,0.328698,9229
16,172,MBR726,405.291778,75.112,1.9103,6.07475,5187
16,173,MBR748,417.219018,79.9232,0.086572,0.275299,10388
16,174,MBR208,314.726889,38.1155,0.378913,1.20494,4501
16,175,MBR844,314.726889,38.1155,0.380121,1.20879,4376
16,176,MBR865,314.726889,38.1155,0.526469,1.67417,3202
16,177,MBR430,314.726889,38.1155,1.07222,3.40967,4206
16,178,MBR812,314.726889,38.1155,0.432951,1.37678,3049
16,179,MBR849,314.726889,38.1155,0.763405,2.42763,4169
16,180,MBR850,314.726889,38.1155,0.773555,2.45991,4208
16,181,MBR851,314.726889,38.1155,0.610455,1.94125,4205
16,182,MBR852,314.726889,38.1155,0.726021,2.30875,4187
16,183,MBR854,314.726889,38.1155,1.00018,3.18056,4166
16,184,MBR855,314.726889,38.1155,0.0791374,0.251657,6929
16,185,MBR1,546.252735,140.411,3.26292,10.3761,5000
16,186,MBR3,546.247551,139.236,3.4177,10.8683,4864
16,187,MBR4,548.486614,138.127,3.04605,9.68643,4908
16,188,MBR39,546.142089,138.616,0.369772,1.17587,8076
16,189,MBR51,548.525726,134.178,0.657614,2.09121,7233
16,190,MBR68,546.142089,138.909,0.364723,1.15982,8101
16,191,MBR97,546.142089,138.314,0.374933,1.19229,8054
16,192,MBR616,543.707963,143.967,0.354501,1.12731,6582
16,193,MBR627,546.247551,140.027,3.28257,10.4386,4750
16,194,MBR630,546.252735,141.431,3.13283,9.9624,4879
16,195,MBR635,543.707963,135.868,0.795297,2.52904,6123
16,196,MBR638,548.524932,134.339,0.701256,2.23,6822
16,197,MBR644,548.524932,136.366,0.649231,2.06455,6665
16,198,MBR652,543.707963,141.272,0.804188,2.55732,7152
16,199,MBR655,543.707963,140.65,1.02721,3.26652,5158
16,200,MBR657,546.142089,137.692,0.391207,1.24404,8014
16,201,MBR664,550.862999,136.933,2.76034,8.7779,5296
16,202,MBR666,543.707963,143.871,1.05813,3.36484,5258
16,203,MBR668,543.707963,139.982,1.00973,3.21094,5093
16,204,MBR669,548.525726,135.932,0.589466,1.8745,7164
16,205,MBR70,546.247551,140.027,3.28257,10.4386,4750
16,206,MBR115,548.486614,138.766,2.94226,9.35638,4793
16,207,MBR236,546.252735,140.411,3.26292,10.3761,5000
16,208,MBR237,546.142089,138.909,0.364723,1.15982,8101
16,209,MBR436,548.524932,133.788,0.697577,2.21829,6930
16,210,MBR231,551.264010,134.267,0.404743,1.28708,13036
16,211,MBR173,548.525726,133.276,0.655288,2.08382,7429
16,212,MBR631,567.754234,141.256,0.14068,0.447363,12521
16,213,MBR656,548.512010,133.781,4.13102,13.1367,6340
16,214,MBR665,548.524932,133.179,0.676048,2.14983,7200
16,215,MBR673,303.211841,33.438,1.12065,3.56367,4229
16,216,MBR858,391.085768,69.2961,0.0811255,0.257979,9735
16,217,MBR868,400.013563,72.9581,0.103629,0.329542,9059
16,218,MBR595,384.112789,66.4126,0.0915205,0.291035,9691
16,219,MBR709,356.112687,55.0818,0.339121,1.07841,6310
16,220,MBR752,344.308056,50.2073,2.55453,8.1234,4411
16,221,MBR778,347.184308,51.5333,0.422676,1.34411,4979
16,222,MBR779,348.184766,52.0526,8.2317,26.1768,4499
16,223,MBR651,541.058011,132.824,0.679686,2.1614,6546
16,224,MBR147,661.587471,206.856,2.02853,6.45072,6274
16,225,MBR149,661.587471,211.089,1.12707,3.58407,6493
16,226,MBR461,669.328122,210.518,1.69664,5.39532,6160
16,227,MBR462,669.318672,210.515,1.67415,5.32381,6227
16,228,MBR463,669.323676,209.238,1.58964,5.05504,6205
16,229,MBR478,661.587471,205.136,1.03349,3.28649,6571
16,230,MBR758,369.164341,60.3015,0.0846176,0.269084,7542
16,231,MBR771,349.952086,53.9601,0.897698,2.85468,3463
16,232,MBR773,336.893854,48.2141,0.233952,0.743966,4434
16,233,MBR793,336.893854,47.191,0.241467,0.767866,4556
16,234,MBR735,347.704675,52.0245,1.03839,3.30209,3293
16,235,MBR202,346.405796,51.0307,0.0890627,0.283219,7972
16,236,MBR829,410.844673,77.1596,0.950664,3.02311,5424
16,237,MBR830,410.844673,77.1596,0.879317,2.79623,5400
16,238,MBR833,415.906712,79.2159,2.03288,6.46456,5467
16,239,MBR837,433.901474,86.5255,0.107572,0.34208,9557
16,240,MBR781,411.917944,77.5956,0.377246,1.19964,6478
16,241,MBR783,410.844673,77.1596,0.0807161,0.256677,10046
16,242,MBR389,410.844673,77.1596,1.63367,5.19507,5502
16,243,MBR422,414.433898,78.6176,3.52369,11.2053,5420
16,244,MBR423,410.844673,77.1596,0.950664,3.02311,5424
16,245,MBR77,259.057301,15.5019,0.188923,0.600777,3966
16,246,MBR88,259.057301,15.5019,0.0997539,0.317217,5184
16,247,MBR155,259.057301,15.5019,0.188923,0.600777,3966
16,248,MBR278,259.057301,15.5019,0.323061,1.02733,3763
16,249,MBR279,259.057301,15.5019,0.0997539,0.317217,5184
16,250,MBR280,259.057301,15.5019,0.0647499,0.205905,5696
16,251,MBR481,259.057301,15.5019,0.0638696,0.203105,5897
16,252,MBR426,380.347491,71.7728,2.37755,7.56061,3822
16,253,MBR48,380.380333,71.7349,2.58003,8.20451,3991
16,254,MBR49,375.736053,70.9065,0.72317,2.29968,3751
16,255,MBR60,383.111718,72.6374,1.77275,5.63734,3664
16,256,MBR61,377.963060,71.7742,1.20854,3.84315,3888
16,257,MBR62,383.252186,72.3919,0.996792,3.1698,3838
16,258,MBR89,378.060723,71.6369,0.631477,2.0081,4091
16,259,MBR90,380.338923,64.8212,2.97573,9.46283,4766
16,260,MBR92,380.338923,66.536,2.79555,8.88986,3947
16,261,MBR93,383.517097,73.0769,1.02134,3.24786,3886
16,262,MBR94,380.365874,71.8044,2.50689,7.97191,3791
16,263,MBR95,373.261052,70.3821,0.775057,2.46468,3931
16,264,MBR156,375.574150,72.4105,2.03148,6.4601,3548
16,265,MBR159,378.059786,71.0501,2.45445,7.80514,3776
16,266,MBR161,378.056417,70.1651,2.56627,8.16075,3665
16,267,MBR166,383.287607,71.5324,0.44624,1.41904,5026
16,268,MBR169,380.347491,71.7728,2.37755,7.56061,3822
16,269,MBR493,380.350658,71.5817,2.77867,8.83616,3793
16,270,MBR496,383.252186,73.9308,0.984423,3.13047,3802
16,271,MBR500,373.625233,70.6267,0.702801,2.23491,3969
16,272,MBR505,385.943835,73.8677,0.971019,3.08784,3923
16,273,MBR515,386.132745,75.0624,0.957108,3.0436,3896
16,274,MBR524,380.365874,73.3817,2.45919,7.82021,3755
16,275,MBR527,380.180313,73.8274,0.292267,0.929408,5611
16,276,MBR533,378.066190,70.4039,0.449595,1.42971,4900
16,277,MBR534,382.884119,73.5122,1.22182,3.88539,3840
16,278,MBR536,383.517097,69.2401,1.04963,3.33781,3973
16,279,MBR537,383.045709,72.7719,2.26085,7.18951,3745
16,280,MBR564,383.111718,72.6374,1.77275,5.63734,3664
16,281,MBR577,383.111718,72.6374,1.77275,5.63734,3664
16,282,MBR579,383.111718,69.0928,1.83392,5.83186,3735
16,283,MBR590,380.395081,69.4191,1.03817,3.30139,3897
16,284,MBR592,380.347491,67.8722,2.50563,7.96791,3908
16,285,MBR594,380.350658,67.9459,2.91952,9.28408,3879
16,286,MBR596,375.736053,70.3858,0.532009,1.69179,4257
16,287,MBR27,378.056417,70.1651,2.56627,8.16075,3665
16,288,MBR31,382.633989,72.6341,2.37656,7.55746,4032
16,289,MBR35,373.261052,70.3821,0.775057,2.46468,3931
16,290,MBR47,373.625233,70.6267,0.702801,2.23491,3969
16,291,MBR54,375.574150,72.4105,2.03148,6.4601,3548
16,292,MBR55,382.643480,72.4513,2.50521,7.96658,4017
16,293,MBR56,375.736053,71.6341,0.71678,2.27936,3749
16,294,MBR71,377.963060,71.7742,1.20854,3.84315,3888
16,295,MBR73,383.111718,72.6374,1.77275,5.63734,3664
16,296,MBR75,383.517097,73.0769,1.02134,3.24786,3886
16,297,MBR80,380.166659,72.3082,1.22119,3.8834,3798
16,298,MBR81,380.365874,71.8044,2.50689,7.97191,3791
16,299,MBR116,382.884119,73.5122,1.22182,3.88539,3840
16,300,MBR121,375.736053,70.3858,0.532009,1.69179,4257
16,301,MBR125,378.059786,71.0501,2.45445,7.80514,3776
16,302,MBR126,383.252186,72.3919,0.996792,3.1698,3838
16,303,MBR128,375.736053,71.6341,0.71678,2.27936,3749
16,304,MBR131,383.126782,72.6905,1.14936,3.65497,3847
16,305,MBR136,380.180313,72.2389,0.299282,0.951717,5602
16,306,MBR138,380.180313,73.8274,0.292267,0.929408,5611
16,307,MBR139,375.736053,70.9065,0.72317,2.29968,3751
16,308,MBR140,377.963060,66.097,1.2858,4.08885,4077
16,309,MBR143,382.691263,72.9551,3.59785,11.4412,3920
16,310,MBR144,378.059782,70.9697,0.618053,1.96541,4037
16,311,MBR247,383.111718,74.2066,1.73872,5.52914,3626
16,312,MBR250,373.499802,70.3023,0.692866,2.20331,4028
16,313,MBR259,378.056417,81.6638,2.10555,6.69566,3332
16,314,MBR270,383.287607,80.5573,0.364103,1.15785,5178
16,315,MBR281,380.338923,71.8076,2.49952,7.94846,3771
16,316,MBR285,383.111718,69.0928,1.83392,5.83186,3735
16,317,MBR292,382.633989,74.1709,2.32091,7.38049,3985
16,318,MBR303,383.158220,73.0246,0.905839,2.88057,4071
16,319,MBR304,370.730737,64.1948,0.964906,3.0684,4956
16,320,MBR307,375.736053,72.1877,0.525806,1.67206,4208
16,321,MBR309,384.906332,69.034,0.376616,1.19764,5871
16,322,MBR319,370.730737,68.2157,0.918267,2.92009,4950
16,323,MBR328,375.736053,70.3858,0.532009,1.69179,4257
16,324,MBR329,382.884119,68.3184,1.29565,4.12018,4022
16,325,MBR332,380.365874,73.3817,2.45919,7.82021,3755
16,326,MBR334,383.158310,71.9347,0.999369,3.17799,4054
16,327,MBR344,383.142143,73.4037,1.00969,3.21081,3850
16,328,MBR346,370.730737,69.8356,0.284486,0.904665,5262
16,329,MBR347,383.045709,72.7719,2.26085,7.18951,3745
16,330,MBR350,385.400416,73.4193,2.483,7.89595,3861
16,331,MBR351,385.943835,73.8677,0.971019,3.08784,3923
16,332,MBR365,383.287607,72.7658,0.436891,1.38931,5035
16,333,MBR366,373.261052,66.4117,0.792322,2.51958,4015
16,334,MBR380,383.517097,69.2401,1.04963,3.33781,3973
16,335,MBR382,380.166659,66.9438,1.31545,4.18314,3979
16,336,MBR383,380.397983,73.1841,2.12885,6.76975,3917
16,337,MBR452,546.669484,157.821,2.96545,9.43013,5425
16,338,MBR818,546.060227,146.188,3.75052,11.9266,5758
16,339,MBR842,541.256181,133.662,1.82246,5.79543,6318
16,340,MBR146,541.256181,147.115,1.93229,6.14469,5781
16,341,MBR424,541.256181,149.64,1.73029,5.50234,5463
16,342,MBR224,545.145017,131.995,0.14076,0.447618,12434
16,343,MBR217,545.145017,131.995,0.14076,0.447618,12434
16,344,MBR30,545.145017,131.995,0.14076,0.447618,12434
16,345,MBR453,544.047005,131.268,0.141687,0.450565,12451
16,346,MBR83,380.247686,71.7206,2.37688,7.55849,3821
16,347,MBR441,380.239118,66.4815,2.79477,8.88738,3946
16,348,MBR602,384.806527,66.877,0.457417,1.45459,6145
16,349,MBR50,372.901793,79.8957,0.275867,0.877257,4748
16,350,MBR63,380.239118,67.8952,2.63612,8.38286,3854
16,351,MBR87,375.636248,70.8652,0.722965,2.29903,3750
16,352,MBR91,372.901793,77.5771,0.293148,0.932212,4728
16,353,MBR157,380.247686,71.7206,2.37688,7.55849,3821
16,354,MBR164,375.636248,71.6262,0.716578,2.27872,3748
16,355,MBR168,375.636248,78.5894,0.675826,2.14913,3592
16,356,MBR497,380.295276,82.7796,0.933935,2.96991,3577
16,357,MBR503,373.161247,79.3417,0.715782,2.27619,3673
16,358,MBR504,380.247686,67.8314,2.50493,7.96567,3907
16,359,MBR506,373.525428,74.2098,0.670467,2.13209,3881
16,360,MBR512,373.161247,70.3407,0.774847,2.46401,3930
16,361,MBR513,382.967118,81.0598,1.57522,5.00919,3462
16,362,MBR517,377.956612,75.5949,2.36277,7.51361,3518
16,363,MBR525,382.967118,73.0794,1.75381,5.57712,3669
16,364,MBR531,380.247686,82.0313,1.90888,6.07025,3627
16,365,MBR532,377.956612,83.7943,1.90316,6.05206,3367
16,366,MBR538,375.636248,77.5688,0.68516,2.17881,3593
16,367,MBR539,375.636248,85.7968,0.425002,1.35151,3867
16,368,MBR540,380.247686,69.9119,2.43586,7.74604,3864
16,369,MBR542,377.959977,70.9284,0.617876,1.96485,4036
16,370,MBR543,377.960918,71.5955,0.631306,2.00755,4090
16,371,MBR544,377.959977,74.1279,0.595828,1.89473,3951
16,372,MBR545,375.636248,71.6262,0.716578,2.27872,3748
16,373,MBR546,383.187802,77.271,0.39666,1.26138,5085
16,374,MBR548,377.962393,85.3916,0.584812,1.8597,3684
16,375,MBR550,383.011913,78.1076,1.64786,5.24019,3524
16,376,MBR554,383.187802,73.8289,0.427449,1.35929,5043
16,377,MBR555,373.525428,82.5506,0.592758,1.88497,3652
16,378,MBR556,377.959981,79.4511,2.17044,6.90201,3543
16,379,MBR560,383.058415,72.9834,0.90558,2.87974,4070
16,380,MBR561,380.239118,64.8074,2.9749,9.4602,4765
16,381,MBR562,375.636248,81.4136,0.653258,2.07736,3513
16,382,MBR563,375.636248,80.4242,0.665824,2.11732,3515
16,383,MBR566,370.630932,82.4482,0.246267,0.78313,4784
16,384,MBR574,377.863255,71.7329,1.20821,3.84209,3887
16,385,MBR575,375.636248,75.3048,0.694716,2.2092,3673
16,386,MBR576,372.901793,81.7915,0.265401,0.843974,4787
16,387,MBR580,380.266069,83.3969,2.03541,6.47261,3494
16,388,MBR582,375.636248,70.3444,0.53186,1.69132,4256
16,389,MBR593,383.152381,82.117,0.898009,2.85567,3551
16,390,MBR25,372.901793,74.3657,0.306852,0.97579,4813
16,391,MBR26,370.630932,71.7909,0.25036,0.796146,4760
16,392,MBR43,375.636248,81.7882,0.480749,1.52878,3897
16,393,MBR79,377.956612,70.124,2.56555,8.15845,3664
16,394,MBR117,377.959981,71.0089,2.45376,7.80295,3775
16,395,MBR127,380.280528,71.6936,2.57932,8.20223,3990
16,396,MBR132,382.967118,73.0794,1.75381,5.57712,3669
16,397,MBR135,370.630932,70.0949,0.251089,0.798464,4820
16,398,MBR137,377.956612,66.6038,2.67873,8.51835,3746
16,399,MBR238,383.152381,72.3508,0.996511,3.1689,3837
16,400,MBR240,375.636248,70.8652,0.722965,2.29903,3750
16,401,MBR242,375.636248,71.6262,0.716578,2.27872,3748
16,402,MBR244,370.630932,79.7528,0.214558,0.682294,4854
16,403,MBR245,383.011913,82.3677,1.53094,4.8684,3397
16,404,MBR260,382.945904,75.7049,2.18485,6.94783,3673
16,405,MBR261,375.636248,79.3612,0.492294,1.5655,3984
16,406,MBR262,383.058415,81.355,0.826808,2.62925,3816
16,407,MBR266,380.250853,81.6365,2.31365,7.35742,3495
16,408,MBR267,377.959981,85.935,1.89585,6.0288,3378
16,409,MBR269,380.298178,73.1427,2.12826,6.76788,3916
16,410,MBR294,383.011913,88.4421,1.24672,3.96457,3297
16,411,MBR297,377.959981,83.6602,2.00957,6.39045,3406
16,412,MBR298,383.198370,67.6819,0.494476,1.57243,4902
16,413,MBR300,383.187802,74.8218,0.418165,1.32976,5053
16,414,MBR301,372.901793,79.8957,0.275867,0.877257,4748
16,415,MBR302,383.187802,72.7363,0.43678,1.38896,5034
16,416,MBR308,375.636248,70.3444,0.53186,1.69132,4256
16,417,MBR314,377.956612,82.767,1.99047,6.3297,3347
16,418,MBR315,377.956612,73.0249,2.46354,7.83405,3594
16,419,MBR322,373.525428,84.4789,0.566826,1.80251,3627
16,420,MBR323,377.962393,80.7867,0.624135,1.98475,3844
16,421,MBR333,377.959981,86.5418,1.8544,5.89698,3389
16,422,MBR336,383.417292,83.5378,0.904793,2.87724,3586
16,423,MBR338,377.959977,70.9284,0.617876,1.96485,4036
16,424,MBR340,370.630932,69.8264,0.284408,0.904418,5260
16,425,MBR341,370.630932,79.8261,0.253312,0.805533,4889
16,426,MBR343,383.011913,84.1878,1.47526,4.69132,3335
16,427,MBR345,380.080508,79.5597,0.264569,0.84133,5657
16,428,MBR349,377.959977,74.1279,0.595828,1.89473,3951
16,429,MBR356,370.630932,68.2832,0.258313,0.821436,4882
16,430,MBR358,384.806527,66.877,0.457417,1.45459,6145
16,431,MBR359,370.630932,77.5639,0.242404,0.770845,4544
16,432,MBR362,380.080508,77.5732,0.271376,0.862976,5636
16,433,MBR368,375.636248,71.6262,0.716578,2.27872,3748
16,434,MBR370,377.956612,79.8192,2.17828,6.92692,3384
16,435,MBR371,375.636248,79.3612,0.492294,1.5655,3984
16,436,MBR373,383.417292,76.2224,0.991414,3.1527,3811
16,437,MBR376,377.960918,80.645,0.574759,1.82773,3835
16,438,MBR381,383.152381,80.1269,0.922136,2.93239,3615
16,439,MBR384,380.266069,79.7269,2.22007,7.05982,3564
16,440,MBR216,380.527590,65.0108,0.09751,0.310082,8727
16,441,MBR120,380.080508,75.2105,0.285218,0.906993,5618
16,442,MBR831,383.187802,66.2218,0.458529,1.45812,5456
16,443,MBR495,380.527590,65.0108,0.09751,0.310082,8727
16,444,MBR589,380.344091,64.832,0.0992593,0.315645,6833
16,445,MBR603,370.630932,60.8243,0.0725716,0.230778,9069
16,446,MBR606,381.648929,65.4978,0.146234,0.465023,8140
16,447,MBR835,384.806527,68.5241,0.393827,1.25237,5937
16,448,MBR839,381.648929,65.4978,0.146234,0.465023,8140
16,449,MBR124,375.636248,70.3444,0.53186,1.69132,4256
16,450,MBR129,403.866947,74.432,0.103418,0.32887,9026
16,451,MBR528,373.525428,70.5852,0.702608,2.23429,3968
16,452,MBR549,403.887021,74.482,0.0973097,0.309445,8340
16,453,MBR551,403.866947,74.5149,0.104664,0.332831,9148
16,454,MBR342,381.648929,65.4978,0.146234,0.465023,8140
16,455,MBR118,380.527590,65.0108,0.09751,0.310082,8727
16,456,MBR122,380.080508,79.5597,0.264569,0.84133,5657
16,457,MBR239,370.630932,77.5676,0.236288,0.751397,4543
16,458,MBR249,380.080508,75.2105,0.285218,0.906993,5618
16,459,MBR265,403.866947,74.5149,0.104664,0.332831,9148
16,460,MBR271,403.866947,74.8749,0.0930987,0.296054,8269
16,461,MBR320,403.866947,74.432,0.103418,0.32887,9026
16,462,MBR326,380.298178,73.1427,2.12826,6.76788,3916
16,463,MBR330,401.130522,73.6175,0.0966884,0.307469,8788
16,464,MBR353,370.630932,61.2343,0.0729235,0.231897,9173
16,465,MBR439,377.956612,63.8628,2.99497,9.52399,4829
16,466,MBR821,383.011913,72.6548,1.77224,5.63572,3663
16,467,MBR866,380.066854,72.334,1.22086,3.88234,3797
16,468,MBR443,380.527590,65.0108,0.09751,0.310082,8727
16,469,MBR711,380.066854,65.9733,1.29243,4.10992,4324
16,470,MBR714,403.887021,74.482,0.0973097,0.309445,8340
16,471,MBR258,407.707107,76.1618,0.103588,0.32941,9071
16,472,MBR306,407.707107,76.4363,0.0940415,0.299052,8349
16,473,MBR130,407.707107,76.0844,0.105695,0.33611,9236
16,474,MBR167,384.367750,66.5625,0.098519,0.31329,8814
16,475,MBR337,384.367750,66.5625,0.098519,0.31329,8814
16,476,MBR228,340.508716,48.6638,0.087016,0.276711,7828
16,477,MBR212,340.508716,48.6638,0.087016,0.276711,7828
16,478,MBR194,344.304518,50.7304,0.414602,1.31843,4848
16,479,MBR743,344.304518,50.3627,0.419303,1.33338,4939
16,480,MBR807,340.508716,48.6349,0.0875099,0.278281,7839
16,481,MBR809,364.938117,58.7802,0.0879183,0.27958,7535
16,482,MBR670,510.536730,122.743,3.453,10.9805,4788
16,483,MBR624,611.141724,166.573,1.81226,5.76298,5556
16,484,MBR836,648.069654,192.934,0.670657,2.13269,8507
16,485,MBR223,678.588604,186.338,0.932017,2.96381,17443
16,486,MBR622,661.805357,185.896,0.445434,1.41648,9758
16,487,MBR109,371.050243,60.9947,1.475,4.6905,4981
16,488,MBR205,373.171664,62.3576,1.57548,5.01001,4306
16,489,MBR393,371.050243,60.9947,1.475,4.6905,4981
16,490,MBR396,373.171664,62.3576,1.57548,5.01001,4306
16,491,MBR690,378.387365,64.1002,1.04397,3.31983,4847
16,492,MBR824,378.375527,64.1723,2.70148,8.59069,4878
16,493,MBR828,373.171664,62.3576,1.57548,5.01001,4306
16,494,MBR688,373.498928,61.9894,0.998874,3.17642,4924
16,495,MBR36,373.171664,62.3576,1.57548,5.01001,4306
16,496,MBR119,377.872536,64.1901,3.02902,9.63228,4817
16,497,MBR251,365.959793,58.9647,0.248441,0.790043,5753
16,498,MBR253,374.336994,62.3298,1.38304,4.39807,4931
16,499,MBR255,373.288838,62.0123,0.646947,2.05729,4812
16,500,MBR257,378.340774,64.1593,1.77677,5.65012,4851
16,501,MBR485,373.518180,61.9972,0.34302,1.0908,5891
16,502,MBR487,368.391746,60.1415,0.762797,2.42569,4838
16,503,MBR489,375.624137,63.3198,0.979179,3.11379,4821
16,504,MBR492,371.050243,60.9947,1.475,4.6905,4981
16,505,MBR494,378.516663,64.3231,0.453135,1.44097,5391
16,506,MBR509,376.977790,63.5995,0.144457,0.459372,8043
16,507,MBR568,378.746153,64.1888,1.03004,3.27554,4964
16,508,MBR408,542.399676,132.129,3.62007,11.5118,5217
16,509,MBR609,537.549336,128.696,1.69462,5.38888,5236
16,510,MBR872,537.549336,154.403,0.332624,1.05774,6429
16,511,MBR207,656.305924,185.51,0.23335,0.742053,12961
16,512,MBR817,656.088336,188.963,0.770041,2.44873,8504
16,513,MBR583,377.952284,74.8681,0.255246,0.811683,4848
16,514,MBR435,420.880351,81.4057,0.508961,1.6185,6004
16,515,MBR700,405.819378,75.1479,0.28372,0.902229,6231
16,516,MBR715,418.350508,80.3777,0.505998,1.60907,5969
16,517,MBR699,345.023210,50.4222,0.0849393,0.270107,7280
16,518,MBR29,377.293697,63.592,0.0935496,0.297488,8230
16,519,MBR103,375.587513,63.0772,0.0938251,0.298364,8465
16,520,MBR737,345.023210,50.4222,0.068774,0.218701,8582
16,521,MBR519,377.293697,63.5983,0.0882657,0.280685,7836
16,522,MBR428,350.776890,57.3296,0.597484,1.9,3172
16,523,MBR431,358.250441,57.0917,0.456812,1.45266,4402
16,524,MBR434,358.081442,57.9845,0.861241,2.73875,3376
16,525,MBR448,358.330955,57.5469,0.330182,1.04998,4864
16,526,MBR450,353.198153,57.2133,0.491117,1.56175,3444
16,527,MBR454,360.067366,57.3658,0.367824,1.16968,5564
16,528,MBR457,345.023210,50.4222,0.893178,2.84031,4610
16,529,MBR460,377.293697,63.6043,0.0866133,0.27543,7713
16,530,MBR604,360.067366,57.3658,0.367824,1.16968,5564
16,531,MBR13,353.196642,57.633,1.75184,5.57084,3106
16,532,MBR14,353.192380,55.6507,1.79024,5.69297,3085
16,533,MBR20,358.198903,58.7334,1.6069,5.10995,3164
16,534,MBR34,350.862463,54.3461,1.14651,3.6459,3848
16,535,MBR42,350.862463,54.1015,1.19894,3.81261,3821
16,536,MBR52,377.293697,63.5983,0.0882657,0.280685,7836
16,537,MBR102,375.587513,63.4311,0.0859171,0.273216,7969
16,538,MBR108,350.862463,53.3381,1.33118,4.23315,3774
16,539,MBR180,353.080874,55.6196,0.241998,0.769555,5261
16,540,MBR195,353.100194,58.5821,0.979385,3.11444,3241
16,541,MBR198,377.293697,63.6043,0.0866133,0.27543,7713
16,542,MBR199,358.330955,57.5731,0.323346,1.02824,4892
16,543,MBR200,358.466457,59.8532,0.711458,2.26244,3385
16,544,MBR201,353.192380,55.5728,1.90628,6.06198,3069
16,545,MBR708,360.678790,61.7955,0.637204,2.02631,3197
16,546,MBR739,358.081442,56.297,0.978097,3.11035,3701
16,547,MBR740,350.776890,56.1019,0.634485,2.01766,3321
16,548,MBR753,350.862463,57.9525,0.395559,1.25788,3564
16,549,MBR756,350.862463,58.3525,0.36041,1.1461,3600
16,550,MBR757,358.330955,57.0232,0.432263,1.3746,4714
16,551,MBR759,345.023210,51.9249,0.232909,0.740649,4473
16,552,MBR760,360.678790,60.1755,0.809592,2.5745,3385
16,553,MBR761,353.192380,55.9347,1.43358,4.55877,3139
16,554,MBR763,353.199579,59.0701,0.466417,1.48321,3388
16,555,MBR764,345.023210,51.9249,0.235725,0.749605,4473
16,556,MBR765,345.023210,52.7929,0.212464,0.675636,4647
16,557,MBR766,347.553525,55.5335,0.582187,1.85135,3286
16,558,MBR767,347.553525,55.8323,0.536706,1.70673,3316
16,559,MBR768,347.917706,57.7167,0.42956,1.366,3390
16,560,MBR769,345.023210,54.4362,0.208422,0.662781,4189
16,561,MBR770,355.677940,55.0228,0.127054,0.404032,7164
16,562,MBR772,354.199230,54.5535,0.145835,0.463757,6865
16,563,MBR775,347.917706,56.9758,0.511475,1.62649,3333
16,564,MBR776,358.330955,56.8935,0.432954,1.37679,4781
16,565,MBR782,377.293697,63.6311,0.0793438,0.252313,7186
16,566,MBR785,347.917706,57.9141,0.401406,1.27647,3410
16,567,MBR786,345.023210,53.0613,0.225345,0.716597,4307
16,568,MBR787,353.201239,59.7073,0.46135,1.46709,3425
16,569,MBR788,358.330955,57.2945,0.378748,1.20442,4737
16,570,MBR789,350.862463,57.6144,0.424729,1.35064,3549
16,571,MBR790,350.636551,56.7041,0.624091,1.98461,3316
16,572,MBR791,345.023210,54.7482,0.202402,0.643639,4140
16,573,MBR792,358.330955,57.3275,0.372568,1.18477,4748
16,574,MBR794,345.023210,54.5137,0.192614,0.612513,4491
16,575,MBR795,358.198903,59.0144,1.30571,4.15215,3219
16,576,MBR797,350.862463,57.9525,0.395559,1.25788,3564
16,577,MBR802,358.466457,59.4042,0.734184,2.3347,3456
16,578,MBR806,353.201239,60.116,0.42378,1.34762,3450
16,579,MBR8,353.196642,57.633,1.75184,5.57084,3106
16,580,MBR12,358.198903,58.7334,1.6069,5.10995,3164
16,581,MBR15,353.192380,55.6507,1.79024,5.69297,3085
16,582,MBR104,358.330955,57.4779,0.3336,1.06085,4852
16,583,MBR105,358.330955,57.5606,0.326768,1.03912,4878
16,584,MBR106,360.678790,61.6013,0.698953,2.22267,3170
16,585,MBR107,358.081442,56.297,0.978097,3.11035,3701
16,586,MBR182,353.100194,59.4663,0.845438,2.68849,3204
16,587,MBR183,357.961581,57.2544,0.85061,2.70494,3346
16,588,MBR184,353.199579,54.6736,0.606354,1.92821,3898
16,589,MBR185,353.196642,57.2959,1.82181,5.79335,3137
16,590,MBR186,350.862463,57.6144,0.424729,1.35064,3549
16,591,MBR187,353.192380,55.4415,1.98039,6.29766,3123
16,592,MBR188,358.330955,57.2166,0.397349,1.26357,4717
16,593,MBR189,377.293697,63.6026,0.0917334,0.291712,8095
16,594,MBR190,353.196642,57.1358,1.86004,5.91494,3173
16,595,MBR191,360.067366,57.3658,0.367824,1.16968,5564
16,596,MBR192,358.466457,59.8532,0.711458,2.26244,3385
16,597,MBR193,358.330955,57.0232,0.432263,1.3746,4714
16,598,MBR196,358.330955,57.4567,0.354615,1.12768,4790
16,599,MBR197,358.330955,57.5014,0.342,1.08756,4810
16,600,MBR692,345.023210,59.707,0.197823,0.629079,4024
16,601,MBR693,345.023210,58.6664,0.208901,0.664305,4193
16,602,MBR694,359.331413,57.6315,6.57556,20.9103,3711
16,603,MBR695,350.862463,55.5976,0.474573,1.50914,3824
16,604,MBR696,353.201239,57.8477,0.576195,1.8323,3562
16,605,MBR698,359.331413,57.3753,7.30654,23.2348,3959
16,606,MBR701,345.023210,56.6165,0.227365,0.723019,4471
16,607,MBR702,345.023210,54.735,0.187419,0.595991,4507
16,608,MBR703,345.023210,54.2381,0.246787,0.784781,4766
16,609,MBR705,353.201239,59.5814,0.477747,1.51924,3416
16,610,MBR706,358.220042,59.1767,1.33113,4.23298,3082
16,611,MBR707,355.312052,56.5953,1.13379,3.60546,3531
16,612,MBR710,375.587513,63.6058,0.0835963,0.265836,7916
16,613,MBR712,358.330955,57.0957,0.4241,1.34864,4706
16,614,MBR713,347.553525,53.4523,0.7002,2.22664,3542
16,615,MBR716,345.023210,50.4939,0.247259,0.786282,4661
16,616,MBR717,360.509430,58.1571,5.70621,18.1457,3442
16,617,MBR718,353.192380,54.9412,2.269,7.21542,3336
16,618,MBR720,358.330955,57.2137,0.406729,1.2934,4708
16,619,MBR721,353.203083,55.9372,0.396485,1.26082,4200
16,620,MBR723,345.023210,51.4388,0.845904,2.68998,4604
16,621,MBR724,345.023210,50.4222,0.893178,2.84031,4610
16,622,MBR725,360.678790,57.9309,0.917144,2.91652,3710
16,623,MBR727,350.862463,57.6144,0.424729,1.35064,3549
16,624,MBR728,358.250441,57.276,0.405181,1.28848,4438
16,625,MBR729,345.023210,53.5224,0.205999,0.655075,4515
16,626,MBR731,353.080874,55.7501,0.238695,0.75905,5274
16,627,MBR734,358.250441,57.1373,0.442535,1.40726,4407
16,628,MBR736,360.067366,57.9176,0.333077,1.05918,5463
16,629,MBR738,345.023210,54.0545,0.200287,0.636911,4462
16,630,MBR741,353.080874,55.3781,0.248897,0.791491,5239
16,631,MBR742,347.085575,53.6285,0.42901,1.36425,3871
16,632,MBR744,345.023210,50.6034,0.888076,2.82408,4612
16,633,MBR745,353.198153,58.3762,0.414541,1.31824,3297
16,634,MBR746,353.203083,55.7354,0.404375,1.28591,4321
16,635,MBR747,353.100194,58.8229,0.959916,3.05253,3207
16,636,MBR749,377.293697,63.5983,0.0882657,0.280685,7836
16,637,MBR750,353.080874,55.6196,0.241998,0.769555,5261
16,638,MBR751,349.895088,57.6938,0.474953,1.51035,3358
16,639,MBR754,350.862463,57.4173,0.433128,1.37735,3577
16,640,MBR780,345.023210,52.3321,0.232176,0.73832,4411
16,641,MBR762,355.677940,54.8604,0.13633,0.433531,7600
16,642,MBR774,354.535152,54.3286,0.0912032,0.290026,8156
16,643,MBR784,354.535152,54.3713,0.0907014,0.288431,8143
16,644,MBR796,375.587513,63.0772,0.0938251,0.298364,8465
16,645,MBR440,455.165454,95.1632,0.174225,0.554036,9637
16,646,MBR101,451.336218,93.6077,0.549061,1.74601,6540
16,647,MBR617,455.165454,95.1632,0.174225,0.554036,9637
16,648,MBR632,475.382488,103.515,0.118742,0.377598,10559
16,649,MBR678,451.336218,93.6077,0.549061,1.74601,6540
16,650,MBR687,475.382488,103.515,0.118742,0.377598,10559
16,651,MBR218,475.382488,103.969,0.109657,0.348711,10004
16,652,MBR210,451.336218,98.1772,0.608103,1.93377,6507
16,653,MBR227,475.382488,103.515,0.118742,0.377598,10559
16,654,MBR33,451.336218,93.6077,1.44122,4.58307,6516
16,655,MBR64,475.382488,103.515,0.118742,0.377598,10559
16,656,MBR171,451.336218,93.6077,0.549061,1.74601,6540
16,657,MBR174,451.336218,93.6077,0.113601,0.36125,10032
16,658,MBR178,454.127042,94.7414,0.117964,0.375124,10417
16,659,MBR614,456.371568,95.9627,0.17458,0.555163,9686
16,660,MBR650,458.500680,96.518,0.345555,1.09886,10846
16,661,MBR296,385.732605,85.8603,0.73099,2.32455,3743
16,662,MBR414,393.039076,69.9268,0.056233,0.178821,11526
16,663,MBR455,393.523216,70.1234,0.150788,0.479505,8359
16,664,MBR601,393.039076,69.9268,0.056233,0.178821,11526
16,665,MBR607,393.271104,70.0716,0.055469,0.176391,11403
16,666,MBR815,393.039076,69.9268,0.056233,0.178821,11526
16,667,MBR72,400.537533,73.0941,0.0956283,0.304098,10102
16,668,MBR141,388.207607,75.5484,0.550632,1.75101,4390
16,669,MBR145,388.207607,77.3746,0.544244,1.73069,4339
16,670,MBR158,383.202290,69.2684,0.274858,0.874048,5169
16,671,MBR162,398.604298,93.5775,0.859313,2.73262,3624
16,672,MBR241,386.096787,77.7158,0.710052,2.25797,4047
16,673,MBR252,383.202290,69.2684,0.274858,0.874048,5169
16,674,MBR268,390.537743,85.961,0.439475,1.39753,4566
16,675,MBR310,383.202290,67.8068,0.276357,0.878815,5314
16,676,MBR324,383.202290,73.545,0.2399,0.762883,5395
16,677,MBR361,383.202290,73.545,0.2399,0.762883,5395
16,678,MBR369,388.207607,89.3615,0.655829,2.08554,3549
16,679,MBR385,393.039076,69.9268,0.056233,0.178821,11526
16,680,MBR386,383.202290,68.5888,0.279235,0.887968,5241
16,681,MBR585,398.604298,92.5349,0.872213,2.77364,3661
16,682,MBR275,383.202290,73.545,0.2399,0.762883,5395
16,683,MBR810,373.834761,62.2823,0.0957514,0.30449,8576
16,684,MBR451,396.206957,71.2136,0.100196,0.318623,8734
16,685,MBR823,376.319084,63.3377,1.76675,5.61827,4825
16,686,MBR834,373.834761,62.2823,0.0957514,0.30449,8576
16,687,MBR719,394.437693,70.7205,0.0986764,0.313791,8880
16,688,MBR23,490.037511,109.371,0.589867,1.87578,6966
16,689,MBR639,490.037511,109.434,0.583542,1.85566,6836
16,690,MBR643,485.219748,113.358,0.686317,2.18249,5345
16,691,MBR658,485.219748,119.385,0.604823,1.92334,5213
16,692,MBR681,511.262982,117.994,0.131738,0.418926,11453
16,693,MBR732,487.653874,114.916,0.32701,1.03989,7247
16,694,MBR755,487.653874,112.972,0.370198,1.17723,7143
16,695,MBR22,509.074210,117.198,0.127312,0.404852,11293
16,696,MBR38,488.857176,108.849,0.187035,0.594772,10336
16,697,MBR98,509.074210,117.198,0.127312,0.404852,11293
16,698,MBR230,487.818765,108.427,0.126852,0.403391,11179
16,699,MBR641,489.625928,109.161,0.596853,1.89799,6984
16,700,MBR663,485.027940,107.294,1.12402,3.57438,6378
16,701,MBR682,510.834225,117.776,0.129818,0.412821,11273
16,702,MBR660,487.572712,115.378,3.0175,9.59564,4610
16,703,MBR24,373.706022,62.23,0.0957176,0.304382,8573
16,704,MBR221,373.092804,61.8244,0.096584,0.307137,8585
16,705,MBR114,373.258940,62.2531,0.32071,1.01986,5976
16,706,MBR273,373.706022,62.23,0.0957176,0.304382,8573
16,707,MBR819,373.706022,62.23,0.0957176,0.304382,8573
16,708,MBR113,400.519259,73.1256,0.102763,0.326786,9177
16,709,MBR69,414.930822,78.9852,0.0860951,0.273782,10331
16,710,MBR181,421.122191,81.5741,0.105541,0.335622,9469
16,711,MBR305,403.018645,74.1242,1.16162,3.69396,5166
16,712,MBR377,423.858616,82.6384,0.110031,0.349899,9608
16,713,MBR584,397.952587,72.0807,0.706009,2.24511,5129
16,714,MBR697,418.603606,80.3945,0.162651,0.517229,8329
16,715,MBR704,403.408961,74.266,1.08375,3.44632,5205
16,716,MBR620,686.131603,196.092,0.454986,1.44686,10145
16,717,MBR662,679.449313,204.955,0.702155,2.23285,6432
16,718,MBR676,679.449313,199.392,1.11712,3.55246,6132
16,719,MBR438,681.541858,187.414,0.176599,0.561584,15506
16,720,MBR152,704.811027,202.354,0.170106,0.540938,14851
16,721,MBR468,682.713903,205.281,0.734188,2.33472,8901
16,722,MBR469,680.330266,210.8,0.456364,1.45124,10075
16,723,MBR475,680.330266,209.035,0.468596,1.49014,10016
16,724,MBR479,685.627341,217.36,1.71592,5.45663,6368
16,725,MBR825,677.896140,193.139,0.130767,0.415839,16204
16,726,MBR413,664.356229,227.431,0.702193,2.23297,6394
16,727,MBR458,666.790355,204.379,0.453569,1.44235,9847
16,728,MBR465,664.356229,199.747,1.13127,3.59744,8557
16,729,MBR477,669.167904,209.95,1.79553,5.70979,6206
16,730,MBR847,691.271116,193.488,0.172265,0.547801,14998
16,731,MBR777,361.860140,57.2877,0.0934464,0.29716,8186
16,732,MBR798,501.781172,140.908,0.56267,1.78929,5744
16,733,MBR204,501.781172,132.804,0.713127,2.26774,5569
16,734,MBR390,504.323895,146.497,0.723113,2.2995,4855
16,735,MBR399,501.781172,133.152,1.71559,5.45558,5412
16,736,MBR401,504.301110,133.438,3.32845,10.5845,4961
16,737,MBR402,501.781172,135.163,1.64682,5.23687,5443
16,738,MBR404,501.781172,129.131,1.32581,4.21609,6683
16,739,MBR415,504.325944,137.272,3.21356,10.2191,4920
16,740,MBR203,501.781172,127.608,1.8785,5.97364,5344
16,741,MBR820,501.781172,132.425,1.05246,3.34683,5327
16,742,MBR822,501.781172,130.854,0.721143,2.29324,5640
16,743,MBR398,501.781172,131.921,0.830175,2.63996,5324
16,744,MBR416,501.781172,118.253,0.761277,2.42086,6100
16,745,MBR405,506.631512,116.798,4.02442,12.7976,6304
16,746,MBR394,505.670008,115.955,0.130388,0.414635,11545
16,747,MBR400,504.571996,115.233,0.131272,0.417446,11558
16,748,MBR403,503.729809,114.891,4.25136,13.5193,6580
16,749,MBR816,447.598283,93.8716,0.0886982,0.28206,11066
16,750,MBR826,451.314072,93.7782,0.100296,0.31894,12218
16,751,MBR206,452.416045,101.52,0.543706,1.72898,6012
16,752,MBR838,452.416045,103.479,0.54318,1.72731,5933
16,753,MBR412,452.402329,107.343,3.08214,9.80121,4816
16,754,MBR530,424.902398,82.9854,0.101722,0.323475,10711
16,755,MBR421,500.325297,113.508,0.462128,1.46957,10102
16,756,MBR425,358.938312,56.31,0.0895418,0.284743,8098
16,757,MBR552,381.000262,65.2028,0.0976342,0.310477,8738
16,758,MBR229,279.738943,23.903,0.0699661,0.222492,7408
16,759,MBR459,441.942245,89.7918,0.540237,1.71795,6318
16,760,MBR840,442.162019,89.9551,0.526535,1.67438,6272
16,761,MBR870,441.942245,89.7918,0.540237,1.71795,6318
16,762,MBR730,406.181877,75.4646,0.105285,0.334808,9201
16,763,MBR291,381.116440,73.2631,0.506198,1.60971,4315
16,764,MBR232,653.206100,175.798,0.157667,0.50138,13514
16,765,MBR446,628.835572,208.301,0.67497,2.1464,5757
16,766,MBR811,626.292849,203.993,0.586348,1.86459,6346
16,767,MBR871,634.024049,205.96,1.37211,4.36332,5538
16,768,MBR58,626.292849,202.931,1.57606,5.01186,5605
16,769,MBR464,631.706152,203.446,1.2217,3.885,5707
16,770,MBR220,630.181685,166.556,0.163104,0.51867,14349
16,771,MBR410,582.717064,149.88,0.625561,1.98928,7602
16,772,MBR846,580.333426,152.838,0.386769,1.22993,8600
16,773,MBR6,577.899301,151.951,1.75972,5.5959,5414
16,774,MBR11,580.444073,154.514,3.47925,11.064,5294
16,775,MBR16,580.444073,153.45,3.62667,11.5328,5435
16,776,MBR17,582.677952,152.099,3.25049,10.3365,5193
16,777,MBR19,580.444073,155.471,3.34179,10.6269,5165
16,778,MBR32,580.438888,152.35,3.79631,12.0723,5277
16,779,MBR40,582.677952,152.749,3.14112,9.98876,5071
16,780,MBR41,582.677952,151.379,3.36308,10.6946,5320
16,781,MBR65,577.899301,150.599,1.54754,4.92116,7756
16,782,MBR100,582.717064,148.082,0.697973,2.21955,7673
16,783,MBR177,580.438888,153.184,3.64546,11.5926,5150
16,784,MBR610,582.716269,151.146,0.63007,2.00362,7146
16,785,MBR623,577.899301,151.174,1.36075,4.32717,8095
16,786,MBR629,577.899301,151.249,1.95553,6.21857,6187
16,787,MBR634,585.065285,156.636,1.28927,4.09989,5538
16,788,MBR642,580.333426,152.287,0.397622,1.26444,8549
16,789,MBR645,584.991834,154.485,1.47661,4.69561,5328
16,790,MBR671,580.438888,153.958,3.50268,11.1385,5027
16,791,MBR675,577.899301,149.734,1.08423,3.44785,7387
16,792,MBR679,577.899301,151.174,1.36075,4.32717,8095
16,793,MBR680,577.899301,153.772,0.782689,2.48895,5990
16,794,MBR619,577.899301,145.54,0.298658,0.949732,11177
16,795,MBR625,579.698696,145.75,0.395075,1.25634,13441
16,796,MBR96,373.684722,79.5007,0.716801,2.27943,3677
16,797,MBR160,373.684722,80.8373,0.707822,2.25087,3636
16,798,MBR163,371.154407,68.415,0.919354,2.92354,4956
16,799,MBR501,378.485867,87.1678,0.560077,1.78105,3686
16,800,MBR507,386.556415,84.0311,0.879808,2.79779,3666
16,801,MBR508,378.484393,85.2902,0.539442,1.71543,3679
16,802,MBR510,383.711277,75.9084,0.409487,1.30217,5070
16,803,MBR511,383.535388,81.6663,1.5618,4.96653,3430
16,804,MBR514,380.818751,83.0052,0.935288,2.97421,3581
16,805,MBR516,386.556415,79.9902,0.919571,2.92424,3784
16,806,MBR518,380.590329,75.9249,1.19003,3.7843,3725
16,807,MBR523,383.535388,80.6045,1.59086,5.05893,3460
16,808,MBR526,380.590329,68.5298,1.26786,4.03179,3888
16,809,MBR535,376.159723,84.037,0.464881,1.47832,3846
16,810,MBR541,378.386730,71.9501,1.20995,3.84763,3892
16,811,MBR547,383.675856,80.3497,0.923533,2.93683,3619
16,812,MBR553,374.048903,84.7323,0.567635,1.80508,3632
16,813,MBR557,383.490592,78.9789,1.63557,5.20111,3535
16,814,MBR558,373.923472,80.0441,0.632423,2.01111,3783
16,815,MBR559,374.048903,83.7293,0.580512,1.84603,3644
16,816,MBR567,373.923472,82.5613,0.612217,1.94685,3704
16,817,MBR571,383.675856,84.1683,0.873457,2.77759,3488
16,818,MBR572,383.711277,77.514,0.39718,1.26303,5092
16,819,MBR573,383.721845,74.1149,0.474398,1.50859,4718
16,820,MBR578,378.397664,85.2797,1.01084,3.21446,3577
16,821,MBR581,380.590329,78.9116,1.15474,3.67207,3643
16,822,MBR587,374.048903,80.2428,0.613274,1.95021,3733
16,823,MBR597,380.771161,71.9813,2.38039,7.56963,3826
16,824,MBR45,373.684722,79.5007,0.716801,2.27943,3677
16,825,MBR46,383.535388,81.6663,1.5618,4.96653,3430
16,826,MBR53,383.940767,81.6083,0.935239,2.97406,3657
16,827,MBR74,383.581890,76.4137,0.878971,2.79513,3984
16,828,MBR76,383.711277,74.0603,0.428016,1.36109,5050
16,829,MBR82,383.675856,80.3497,0.923533,2.93683,3619
16,830,MBR133,383.535388,75.8627,1.70743,5.42963,3593
16,831,MBR134,380.789543,74.9955,2.41513,7.68012,3722
16,832,MBR142,373.684722,80.8373,0.707822,2.25087,3636
16,833,MBR246,383.565813,83.4062,0.920368,2.92677,3582
16,834,MBR248,383.940767,80.4064,0.948348,3.01575,3695
16,835,MBR254,373.216771,75.9921,0.450142,1.43145,4088
16,836,MBR263,383.535388,82.6346,1.53333,4.876,3401
16,837,MBR272,378.386730,81.2547,1.12198,3.5679,3645
16,838,MBR274,371.154407,77.7863,0.242742,0.771921,4550
16,839,MBR276,380.603983,80.708,0.261649,0.832043,5678
16,840,MBR287,383.565813,76.8091,0.985702,3.13453,3777
16,841,MBR288,371.154407,64.6278,0.960385,3.05402,4963
16,842,MBR293,376.159723,82.0119,0.481463,1.53105,3902
16,843,MBR311,376.159723,74.0161,0.52026,1.65443,4164
16,844,MBR312,383.711277,68.7409,0.462461,1.47063,5044
16,845,MBR313,378.397664,75.5065,1.14172,3.63066,3854
16,846,MBR316,374.048903,83.7293,0.580512,1.84603,3644
16,847,MBR317,383.533699,81.4573,0.941077,2.99263,3615
16,848,MBR321,373.923472,74.1021,0.672324,2.13799,3943
16,849,MBR327,373.684722,64.78,0.81704,2.59819,4138
16,850,MBR335,383.581890,73.2213,0.906939,2.88407,4075
16,851,MBR339,371.154407,68.4841,0.258674,0.822584,4888
16,852,MBR348,383.565813,82.3039,0.932126,2.96416,3616
16,853,MBR354,374.048903,81.5472,0.603363,1.91869,3694
16,854,MBR355,383.581890,83.8821,0.802675,2.55251,3739
16,855,MBR363,378.489859,78.7077,0.428474,1.36255,4547
16,856,MBR364,374.048903,80.2428,0.613274,1.95021,3733
16,857,MBR367,385.788088,78.4529,5.09507,16.2023,3419
16,858,MBR374,375.997820,79.7775,1.87297,5.95606,3408
16,859,MBR375,404.390422,74.8816,0.100533,0.319696,8829
16,860,MBR378,383.535388,80.6045,1.59086,5.05893,3460
16,861,MBR387,380.603983,81.4568,0.258583,0.822295,5696
16,862,MBR111,553.198531,137.508