Callsign,Track Miles,3Di Score,Fuel Burn,CO2
2COOK,262.942,9.04333,0,0
2DARE,287.061,6.41605,0,0
2DARE1,534.103,7.53088,0,0
2DARE2,272.08,10.783,0,0
2DITO,206.182,53.5967,0,0
2FIFI,229.137,44.3391,0,0
2FIFI1,213.38,35.1193,0,0
2RBTS,192.746,17.5415,0.419472,1.33392
2RBTS1,181.895,11.5024,0.414086,1.31679
9AJIP,516.983,1.04964,0.766073,2.43611
9AJIP1,754.193,42.7158,1.03707,3.29787
9HBOG,187.111,6.48612,0.941816,2.99497
AAB728,567.826,17.1804,0.833404,2.65022
AAL101,2996.33,0.219745,44.7343,142.255
AAL104,3027.66,1.1603,53.6079,170.473
AAL105,2999.33,0.309873,53.1033,168.868
AAL107,2999.33,0.309873,53.1033,168.868
AAL108,4734.86,0.17225,67.2453,213.84
AAL109,4859.01,2.52951,68.3933,217.491
AAL111,4182.84,0.119586,44.9582,142.967
AAL135,4859.8,2.5444,80.2944,255.336
AAL136,4734.86,0.17225,78.5511,249.793
AAL141,2996.33,0.219745,44.2017,140.562
AAL142,3027.66,1.1603,44.8927,142.759
AAL150,3632.48,0.912027,36.2899,115.402
AAL151,3622.12,0.653561,37.0882,117.94
AAL199,3474.56,0.375839,50.9579,162.046
AAL203,3296.85,1.68159,32.9293,104.715
AAL221,4341.44,1.66024,62.074,197.395
AAL239,4867.52,0.0760715,69.2641,220.26
AAL25,2867.49,0.0501499,20.5039,65.2023
AAL279,2824.35,0.157183,19.9549,63.4566
AAL39,3947.11,2.61563,67.365,214.221
AAL41,3888.31,1.42162,38.6615,122.944
AAL42,4065.95,0.491374,40.1963,127.824
AAL43,4060.34,0.366776,40.1495,127.675
AAL45,3171.49,0.676981,32.0422,101.894
AAL46,3445.04,0.582632,36.6001,116.388
AAL47,3453.35,0.800254,38.7049,123.082
AAL49,4307.96,0.454015,61.6105,195.921
AAL51,4160.29,0.984607,70.457,224.053
AAL52,3637.63,0.545115,35.7759,113.767
AAL53,3643.83,0.698877,35.8431,113.981
AAL57,3947.11,2.61563,67.365,214.221
AAL63,4002.9,0.584747,57.7826,183.749
AAL705,3874.84,1.54222,45.6172,145.063
AAL71,4498.46,0.859911,64.5819,205.371
AAL717,3613.08,0.87135,42.7747,136.024
AAL728,3091.16,0.610492,34.5089,109.738
AAL729,3072.57,0.0671552,34.3626,109.273
AAL730,3514.37,1.45327,38.7707,123.291
AAL731,3465.4,0.182593,38.3267,121.879
AAL732,3487.29,0.750487,39.0513,124.183
AAL733,3465.4,0.182593,38.2669,121.689
AAL734,2983.65,0.282609,36.0739,114.715
AAL735,2981,0.202753,36.019,114.54
AAL737,3072.57,0.0671552,34.3626,109.273
AAL751,3504.14,2.18364,41.7042,132.619
AAL754,3259.89,0.852848,39.4558,125.47
AAL755,3238.27,0.252033,38.8511,123.547
AAL759,4381.23,0.40042,47.5466,151.198
AAL78,4139.23,0.525375,70.431,223.971
AAL787,3623.88,0.195779,42.9141,136.467
AAL79,4160.29,0.984607,72.312,229.952
AAL80,4139.23,0.525375,70.431,223.971
AAL81,4160.29,0.984607,70.457,224.053
AAL87,3453.35,0.800254,38.159,121.346
AAL90,3441.79,0.497257,34.5618,109.906
AAL91,3453.35,0.800254,34.6664,110.239
AAL93,3497.09,0.283495,34.8629,110.864
AAL97,3888.6,0.508517,38.3377,121.914
AAL98,3445.04,0.582632,34.5993,110.026
AAL99,3453.35,0.800254,34.7145,110.392
AAR521,4817.95,0.689981,57.8736,184.038
AAR522,4813.28,0.602377,57.8297,183.898
AAR587,3188.57,0.362471,70.2861,223.51
AAR793,1353.75,0.962366,33.6579,107.032
AAR7931,349.675,4.26526,11.6936,37.1856
ABD323,940.583,14.0663,24.9763,79.4248
ABD4831,3987.13,1.72412,85.4842,271.84
ABD713,3846.4,0.54384,82.8772,263.549
ABR1CL,138.503,27.635,0,0
ABR1CL1,434.631,9.27698,0,0
ABR2CL,419.701,5.87582,0,0
ABR2CL1,106.598,0.599305,0,0
ABR5NA,157.013,21.2244,0,0
ABR6BN,504.13,3.15813,0,0
ABR6NA,137.031,7.10421,0,0
ABR7BN,846.958,66.3258,0,0
ABW303,3872.37,2.6451,84.4121,268.431
ABW402,4267.98,0.113922,90.5608,287.983
ABW9143,1358.41,0.337917,33.6057,106.866
ABW91431,232.668,1.74023,8.90717,28.3248
ACA2034,3245.96,1.6761,36.0515,114.644
ACA807,4328.54,1.09078,42.5097,135.181
ACA824,3242.56,0.293032,34.6729,110.26
ACA825,3249.7,0.491252,36.0835,114.745
ACA832,3037.19,1.20576,33.9487,107.957
ACA833,3022.1,0.753866,35.7515,113.69
ACA835,3202.95,0.464911,35.5815,113.149
ACA838,3245.27,0.444926,32.4348,103.143
ACA839,3258.13,0.8022,34.6557,110.205
ACA841,4394.95,0.917416,43.0997,137.057
ACA842,2934.33,3.01975,31.6965,100.795
ACA847,3666.74,2.08681,39.3396,125.1
ACA848,3109.84,0.889007,54.9729,174.814
ACA849,3085.9,0.191436,54.3587,172.861
ACA850,3790.63,0.135115,39.8523,126.73
ACA851,3865.38,1.90728,40.2458,127.982
ACA854,4096.63,0.166555,43.8365,139.4
ACA855,4149.86,1.33461,42.8377,136.224
ACA857,3085.9,0.191436,54.3587,172.861
ACA858,3109.84,0.889007,54.9729,174.814
ACA859,3084.81,0.159571,33.3471,106.044
ACA860,2495.53,0.792276,13.0077,41.3643
ACA861,2483.59,0.359521,13.8747,44.1215
ACA865,2819.17,0.18042,50.1668,159.53
ACA868,3101.01,0.631613,33.3118,105.932
ACA869,3119.78,1.17881,54.887,174.541
ACA870,3002.42,0.658667,53.503,170.14
ACA871,2997.57,0.512575,52.9353,168.334
ACA873,3453.19,0.787214,61.2246,194.694
ACA875,3186.35,0.768449,32.2481,102.549
ACA876,3438.36,0.398403,59.8406,190.293
ACA877,3453.19,0.787214,61.2246,194.694
ACA879,3520.47,0.460612,41.1201,130.762
ACA881,3266.42,0.501272,58.2434,185.214
ACA883,3450.26,1.78548,59.9975,190.792
ACA888,2917.29,1.0156,29.8055,94.7814
ACA889,2889.78,0.159891,29.8998,95.0814
ACA890,3887.62,1.50834,66.5397,211.596
ACA891,3829.41,0.14218,65.7402,209.054
ACA893,3577.89,0.628942,40.4912,128.762
ACA894,3616.25,1.22927,37.6702,119.791
ACA895,3597.99,0.76993,38.247,121.625
ACA896,4096.63,0.166555,42.6901,135.754
ACA897,4149.86,1.33461,42.8377,136.224
ADN82K,491.214,0.175397,1.10277,3.50682
AEA267,1137.55,2.41044,2.83711,9.02203
AEA268,1113.86,0.49159,6.23897,19.8399
AEA61QZ,693.614,5.1895,3.15393,10.0295
AEA6KM,670.433,2.01727,2.96341,9.42364
AEA80LZ,693.614,5.1895,3.15393,10.0295
AEA87AK,670.433,2.01727,2.96341,9.42364
AEA986,1564.12,2.01504,8.49534,27.0152
AEA987,778.267,3.31076,4.52137,14.378
AEE2EG,1315.41,0.396091,8.12072,25.8239
AEE2FL,1315.41,0.396091,8.00856,25.4672
AEE2PH,1574.95,2.2301,8.49147,27.0029
AEE601,1314.48,0.332364,7.97929,25.3742
AEE609,1355.85,3.16664,8.24687,26.2251
AEE633,1553.38,0.971096,8.38526,26.6651
AEE6AV,1315.41,0.396091,8.00856,25.4672
AEE8SE,1349.36,2.72167,8.21211,26.1145
AEG366,463.122,6.07386,0,0
AEG367,209.679,18.7233,0,0
AEG368,636.605,4.42135,0,0
AFL150,5439.57,4.7256,61.7863,196.48
AFL2578,1358.41,0.337917,16.5829,52.7337
AFL2579,1375.04,1.44028,16.9185,53.8009
AFL2580,1358.41,0.337917,8.2258,26.158
AFL2581,1375.04,1.44028,8.34786,26.5462
AFL2582,1365.85,0.831452,8.38427,26.662
AFL2583,1371.07,1.17747,8.32665,26.4787
AFL2584,1358.41,0.337917,8.34366,26.5328
AFL2585,1375.04,1.44028,8.34786,26.5462
AFR006,3156.75,0.256733,86.9971,276.651
AFR008,3161.52,0.392734,46.8921,149.117
AFR009,3194.13,1.32214,47.0433,149.598
AFR010,3156.75,0.256733,86.9365,276.458
AFR019,3271.72,3.52926,48.0606,152.833
AFR022,3156.75,0.256733,55.4923,176.466
AFR026,3358.66,0.389365,49.4882,157.373
AFR027,3426.85,2.21883,50.0627,159.2
AFR032,3157.77,0.280954,46.851,148.986
AFR054,3353.32,0.246067,91.7449,291.749
AFR066,4967.58,1.03155,128.967,410.114
AFR069,4979.02,1.24057,83.6089,265.876
AFR072,5026.4,2.10622,82.5431,262.487
AFR076,4961.74,0.924927,69.5986,221.324
AFR077,4975.95,1.18447,69.1252,219.818
AFR084,4922.13,1.59135,128.066,407.251
AFR085,4913.76,1.4361,68.4058,217.53
AFR1016,484.384,12.8702,2.69516,8.57061
AFR101G,458.844,7.46055,2.55191,8.11507
AFR109Q,481.377,5.34701,2.07363,6.59414
AFR1116,484.384,12.8702,2.69516,8.57061
AFR1117,458.844,7.46055,2.55191,8.11507
AFR1159,438.893,10.2477,2.60932,8.29763
AFR115E,409.379,3.52471,2.42996,7.72726
AFR116B,281.557,6.26216,2.1309,6.77625
AFR116J,369.423,14.7085,2.67197,8.49687
AFR1181,246.582,28.1286,1.93794,6.16266
AFR1272,540.126,3.44989,3.29202,10.4686
AFR1273,582.541,10.767,3.52169,11.199
AFR1380,192.095,2.0851,1.62289,5.16079
AFR138X,207.909,9.6437,1.72346,5.4806
AFR144,3622.12,0.653561,42.9553,136.598
AFR1472,540.126,3.44989,3.29202,10.4686
AFR1486,483.721,2.84367,2.09827,6.67251
AFR156W,310.202,16.0282,2.43226,7.73459
AFR158W,192.095,2.0851,1.62289,5.16079
AFR1686,483.721,2.84367,3.02141,9.6081
AFR1716,484.384,12.8702,2.69516,8.57061
AFR1717,458.844,7.46055,2.55191,8.11507
AFR178,4986.23,0.405016,129.493,411.788
AFR179,5045.6,1.47823,130.756,415.805
AFR181E,489.326,13.917,3.18141,10.1169
AFR1886,483.721,2.84367,3.15418,10.0303
AFR1887,521.258,10.0274,3.36073,10.6871
AFR27NZ,281.557,6.26216,2.1309,6.77625
AFR28WC,325.653,2.33447,1.95947,6.23111
AFR29SQ,438.893,10.2477,2.14871,6.8329
AFR32RY,330.749,3.77515,2.5015,7.95478
AFR334,3000.64,0.432312,44.7538,142.317
AFR342,2997.74,0.517785,53.9157,171.452
AFR344,2995.72,0.457077,53.8831,171.348
AFR347,3025.38,1.34999,44.835,142.575
AFR348,3005.73,0.758345,33.5411,106.661
AFR356,3268.02,0.545567,58.269,185.296
AFR35MP,467.162,9.22226,3.06732,9.75408
AFR377,3456.37,0.662366,49.7324,158.149
AFR378,3460.35,0.766438,51.1038,162.51
AFR38HA,192.095,2.0851,1.65816,5.27296
AFR38YU,207.909,9.6437,1.71804,5.46337
AFR4081,3194.13,1.32214,87.9001,279.522
AFR4083,3010.73,0.908789,32.0392,101.885
AFR42AW,521.284,10.0325,3.19843,10.171
AFR43XL,192.36,2.21216,1.62447,5.16582
AFR474,4689.35,0.315585,66.313,210.875
AFR47RN,192.095,2.0851,1.62289,5.16079
AFR48QE,207.909,9.6437,1.72346,5.4806
AFR49XN,729.567,6.08885,4.18559,13.3102
AFR636,4370.85,0.314352,75.4944,240.072
AFR63DK,438.893,10.2477,2.31804,7.37138
AFR64VX,192.095,2.0851,1.62289,5.16079
AFR650,4461.95,0.558435,63.5214,201.998
AFR673,3721.55,1.62608,46.7222,148.577
AFR6730,3631.63,0.890827,61.1803,194.553
AFR67FC,325.653,2.33447,2.3576,7.49715
AFR682,3816.42,0.209285,66.8549,212.599
AFR688,3816.42,0.209285,66.8549,212.599
AFR689,3851.86,1.0445,65.8499,209.403
AFR694,3686.86,0.774469,47.3201,150.478
AFR69BV,271.528,2.84299,2.07169,6.58799
AFR72QD,325.653,2.33447,2.3576,7.49715
AFR74GH,207.909,9.6437,1.72346,5.4806
AFR75QV,330.749,3.77515,2.16982,6.90002
AFR75RA,192.095,2.0851,1.65816,5.27296
AFR76WD,766.146,4.08582,4.58246,14.5722
AFR81HP,271.528,2.84299,2.07169,6.58799
AFR82MH,409.379,3.52471,2.04001,6.48722
AFR85KP,207.909,9.6437,1.77141,5.6331
AFR85QR,582.541,10.767,2.39083,7.60283
AFR86XR,521.258,10.0274,2.23284,7.10044
AFR89VT,409.379,3.52471,1.89091,6.01309
AFR93LH,281.822,6.3528,2.23552,7.10894
AFR943,4304.75,2.71427,72.1475,229.429
AFR96VR,207.909,9.6437,1.77681,5.65025
AFR99NP,491.625,7.37118,2.12097,6.7447
AHO218F,690.869,1.54595,0.800093,2.54429
AHO352U,53.8803,125.473,0.0909265,0.289146
AHO352U1,692.333,3.01158,0.874033,2.77943
AHO366P,466.988,4.28173,0.694375,2.20811
AHO366P1,753.311,2.39355,1.01657,3.23268
AHO367Z,375.132,29.3496,1.1698,3.71996
AHO545R,1121.26,2.57861,2.53517,8.06184
AHO545R1,720.573,1.96021,1.75097,5.56809
AHO575Q,630.292,0.310372,0.817498,2.59964
AHO575Q1,107.757,1.03812,0.228528,0.72672
AHO577G,319.117,9.81863,0.515931,1.64066
AHO597D,610.927,4.79617,0.79081,2.51477
AHO667R,434.703,19.6735,1.59767,5.0806
AHO719D,149.009,347.691,0.317154,1.00855
AHO719D1,679.052,1.18012,0.874786,2.78182
AHO819Q,880.89,2.11778,1.0582,3.36508
AHO819Q1,897.461,3.84561,1.05078,3.34147
AHO836S,754.71,1.2416,1.8109,5.75868
AHY007,2175.24,0.65066,22.7916,72.4773
AHY008,2162.99,0.141975,22.6757,72.1089
AIC111,3645.72,0.330356,36.418,115.809
AIC112,3647.61,0.376904,36.4267,115.837
AIC117,3492.49,1.1025,34.9533,111.152
AIC118,3467.79,0.459876,34.7526,110.513
AIC130,3905.92,0.350958,38.7566,123.246
AIC131,3898.98,0.190996,38.7022,123.073
AIC162,3637.71,0.132373,36.3373,115.553
AIC172,3045.47,1.33732,30.9278,98.3505
AIC1721,3720.03,0.300845,37.082,117.921
AKK9,716.212,10.8821,1.63108,5.18684
AKK91,819.13,2.63954,1.87087,5.94936
ALK503,4714.72,0.217485,50.9309,161.96
ALK504,4704.8,0.0282281,50.748,161.379
AMC100A,1497.81,28.7011,7.78291,24.7497
AMC101,1294.57,12.6312,6.82356,21.6989
AMC102,1497.81,28.7011,8.12717,25.8444
AMC103,1294.57,12.6312,7.19984,22.8955
AMC116,1473.98,29.0856,8.01258,25.48
AMC117,1284.76,13.8328,7.14816,22.7312
AMC184,1070.01,2.41899,6.08006,19.3346
AMC185,1090.84,4.2126,6.21009,19.7481
AMQ9T,238.56,10.6613,0.308892,0.982278
AMX003,4988.69,0.449523,51.6495,164.245
AMX004,4976.26,0.224764,51.0672,162.394
AMX006,4999.41,0.643326,48.4665,154.123
AMX007,4933.59,2.41078,48.5593,154.419
AMX008,4821.81,0.323179,46.8699,149.046
AMX025,4974.33,0.117373,50.6186,160.967
AMX026,5010.35,0.768038,51.4032,163.462
ANA211,5202.1,0.476328,84.5045,268.724
ANA212,5196.34,0.376404,85.3268,271.339
ANE8404,725.029,7.5085,1.85068,5.88517
ANE8405,677.455,1.12799,1.72293,5.4789
ANZ1,4749.18,0.443981,79.1696,251.759
ANZ2,4732.56,0.128419,78.5192,249.691
ASL42J,919.055,0.0926768,5.08476,16.1695
ASL500,3951.52,1.02005,47.3253,150.494
ASL51G,938.202,1.96401,5.18857,16.4997
ATL3Z,791.541,4.89769,1.0882,3.46046
ATL3Z1,976.855,5.27396,1.30067,4.13615
AUA40QM,786.524,0.897716,3.46292,11.0121
AUA42R,688.493,0.0552772,4.60193,14.6341
AUA451P,700.44,1.61323,4.63991,14.7549
AUA453X,698.059,1.30269,4.25315,13.525
AUA455W,698.059,1.30269,4.64712,14.7779
AUA456R,688.493,0.0552772,4.61303,14.6694
AUA457V,700.44,1.61323,4.26515,13.5632
AUA458R,688.493,0.0552772,4.18523,13.309
AUA463B,806.111,3.15465,3.57793,11.3778
AUA65,4149.67,1.47061,41.2609,131.21
AUA71,3793.68,1.06363,38.0986,121.154
AUA87,3722.81,1.24383,37.4625,119.131
AUA89,3735.42,1.27145,37.5767,119.494
AUA93,3919.77,1.23952,39.2238,124.732
AUA96LU,702.333,1.8601,4.29574,13.6604
AUI113,1187.63,1.17562,6.60372,20.9998
AUI114,1182.18,0.758403,6.57082,20.8952
AUI1PG,1182.18,0.758403,6.57082,20.8952
AUI231,4127.37,1.3885,59.8281,190.253
AUI232,4088.14,0.522533,59.618,189.585
AUI242,4099.81,0.0495606,40.2669,128.049
AUI7LM,1187.63,1.17562,6.60372,20.9998
AUR26C,199.606,8.49636,0,0
AUR27C,206.699,11.9869,0,0
AUR2LG,142.452,2.72903,0,0
AUR3LG,148.805,6.85218,0,0
AUR42D,141.558,18.8792,0,0
AUR43D,141.44,18.7888,0,0
AUR503,81.7686,0.264071,0,0
AUR504,81.5356,0.00757932,0,0
AUR533,81.7686,0.264071,0,0
AUR534,81.5356,0.00757932,0,0
AUR565,81.7686,0.264071,0,0
AUR566,81.5356,0.00757932,0,0
AUR600A,142.452,2.72903,0.953753,3.03294
AUR601Y,148.805,6.85218,1.00226,3.18719
AUR604A,142.452,2.72903,0.953753,3.03294
AUR605Y,148.805,6.85218,1.00226,3.18719
AUR606A,142.452,2.72903,0.953753,3.03294
AUR607Y,148.805,6.85218,1.00226,3.18719
AUR610A,142.452,2.72903,0.953753,3.03294
AUR611Y,148.805,6.85218,1.00226,3.18719
AUR66V,288.905,6.94052,0,0
AUR66W,296.153,9.36593,0,0
AUR70B,263.571,10.7157,0,0
AUR71B,254.855,7.39416,0,0
AUR78B,263.571,10.7157,0,0
AUR79B,254.855,7.39416,0,0
AUR8LG,142.452,2.72903,0,0
AUR9LG,148.805,6.85218,0,0
AVA120,4599.99,0.542911,44.9262,142.865
AVA121,4581.09,0.17201,44.7607,142.339
AWC247,623.383,1.594,3.59981,11.4474
AWC248,635.347,3.34676,3.66473,11.6538
AWC2A,305.274,6.42989,2.30037,7.31517
AWC2B,304.561,6.20538,2.24875,7.15102
AWC2C,304.522,6.193,2.25458,7.16955
AWC2D,304.561,6.20538,2.25097,7.15808
AWY02,81.5731,1.91229,0.013954,0.0443737
AWY38,,,,
AXG24,726.691,8.66294,1.54807,4.92286
AXG242,201.333,4.8832,0.534432,1.69949
AXY2174,1130.78,4.04963,6.11383,19.442
AXY2709,920.289,3.01914,2.85729,9.08617
AYY112,692.468,3.02977,0.855318,2.71991
AYY1121,659.963,1.0722,0.801739,2.54953
AYY1122,88.9134,2.34958,0.201476,0.640695
AZA201,794.466,1.73692,4.74196,15.0794
AZA207,794.466,1.73692,4.74196,15.0794
AZA209,794.466,1.73692,5.20169,16.5414
AZA20Y,786.123,0.77633,5.1544,16.391
AZA211,794.466,1.73692,4.74196,15.0794
AZA215,524.699,1.58548,2.39824,7.6264
AZA216,521.587,1.04387,2.39649,7.62084
AZA217,524.699,1.58548,2.39824,7.6264
AZA218,521.587,1.04387,2.39649,7.62084
AZA219,524.699,1.58548,2.39824,7.6264
AZA220,521.587,1.04387,2.39649,7.62084
AZA222,521.587,1.04387,2.39649,7.62084
AZA224,521.587,1.04387,2.39649,7.62084
AZA226,521.587,1.04387,2.39649,7.62084
AZA227,563.882,8.40463,2.54025,8.07799
AZA229,547.316,3.06337,3.32532,10.5745
AZA248,530.245,0.169098,3.28914,10.4595
AZA55C,3551.85,0.187821,42.1825,134.14
AZA58Y,783.879,0.518013,4.70612,14.9655
AZA602,3712.79,0.197241,43.9446,139.744
AZA604,3485.58,0.661635,41.4761,131.894
AZA605,3493.8,0.874905,41.5608,132.163
AZA60M,3781.81,1.869,64.9872,206.659
AZA60U,3719.99,0.371637,64.0933,203.817
AZA610,3711.41,0.163713,54.1071,172.06
AZA61CM,3817.7,2.73834,55.0695,175.121
AZA62N,5543.92,0.636061,76.5336,243.377
AZA63C,4649.85,3.11594,53.5845,170.399
AZA63KD,4524.11,0.605279,52.3721,166.543
AZA65F,3861.48,0.89473,45.4337,144.479
AZA65X,3868.52,1.06004,45.5803,144.945
AZA66Y,3618.56,1.87658,42.8783,136.353
AZA676,5537.98,0.357298,77.5042,246.463
AZA72B,524.699,1.58548,2.39824,7.6264
AZA78M,783.879,0.518013,5.14208,16.3518
AZA79A,530.245,0.169098,3.28914,10.4595
AZA82J,524.699,1.58548,2.35593,7.49185
AZA87W,547.316,3.06337,3.35549,10.6704
AZA97U,783.879,0.518013,4.70612,14.9655
AZE20VU,300.946,7.00401,0.320479,1.01912
AZE22VU,174.983,12.9653,0.236066,0.75069
AZE29VU,597.818,2.16168,0.534393,1.69937
AZE41B,694.868,19.069,0,0
AZE42B,655.751,12.9443,0,0
AZG785,5634.63,4.74983,115.305,366.671
BAE41,213.269,24.9018,0.787176,2.50322
BAE42,192.311,13.6369,0.715706,2.27594
BAE43,213.269,24.9018,0.787176,2.50322
BAE44,192.311,13.6369,0.715706,2.27594
BAE52,661.303,3.10715,3.43206,10.9139
BAF611,302.129,0.808797,0.922808,2.93453
BAW03DV,390.941,2.75541,2.59544,8.25351
BAW04A,2996.33,0.219745,67.2742,213.932
BAW05DV,385.014,1.3532,2.56658,8.16173
BAW07Q,475.811,0.248396,2.96195,9.41899
BAW1,369.503,8.24505,2.23903,7.1201
BAW10,5189.29,0.368286,72.3665,230.125
BAW101P,701.517,1.4528,4.28857,13.6377
BAW102,3800.69,0.373506,37.8141,120.249
BAW104,2976.64,0.300759,46.1118,146.636
BAW105,2967.13,0.0132496,44.0956,140.224
BAW106,2974.81,0.245652,44.4523,141.358
BAW107,2967.13,0.0132496,44.0956,140.224
BAW108,2976.64,0.300759,43.9495,139.759
BAW109,2967.13,0.0132496,44.6438,141.967
BAW10C,3062.4,1.71926,45.3375,144.173
BAW11,5877.41,0.0852293,150.124,477.393
BAW116,3017.61,0.858777,67.5382,214.772
BAW117,2996.33,0.219745,67.2742,213.932
BAW118,4350.12,0.170655,61.1389,194.422
BAW119,4343.98,0.0436817,62.3844,198.382
BAW11M,4760.2,2.14268,99.1497,315.296
BAW12,5884.96,0.200592,148.997,473.81
BAW120G,818.187,0.617926,4.85617,15.4426
BAW124,2757.86,0.344382,41.076,130.622
BAW125,2747.75,0.0139921,41.1788,130.948
BAW127E,1110.81,0.288333,6.27874,19.9664
BAW12DT,815.024,1.27705,4.84566,15.4092
BAW12P,784.288,1.63959,5.12522,16.2982
BAW130T,600.445,3.70575,3.76278,11.9656
BAW131T,616.69,6.23354,3.65743,11.6306
BAW132,2567.35,0.179657,27.7616,88.2819
BAW133,2570.1,0.27619,27.8268,88.4891
BAW138,3894.45,0.086503,41.1171,130.752
BAW139,3892.91,0.0510036,40.1955,127.822
BAW13FC,794.67,1.76038,4.74345,15.0842
BAW13G,2834.59,0.235004,63.8316,202.984
BAW141M,522.794,3.0887,3.43112,10.911
BAW142,3644.02,0.288326,55.4762,176.414
BAW143,3648.14,0.390119,53.8389,171.208
BAW146,1999.15,0.52804,11.5119,36.6078
BAW147,1989.54,0.0940346,11.4707,36.4767
BAW148,1893.33,0.68771,11.0527,35.1476
BAW149,1880.41,0.0704617,10.9258,34.744
BAW14K,3028.79,1.19439,45.2727,143.967
BAW14R,474.799,10.3634,3.38205,10.7549
BAW15,5880.36,0.130306,96.4845,306.821
BAW151Q,872.934,1.47072,5.1591,16.4059
BAW152L,923.943,3.65997,5.47119,17.3984
BAW154,1911.87,0.222253,21.2146,67.4626
BAW155,1912.45,0.249578,21.3432,67.8715
BAW156,2536.01,0.467143,38.1225,121.229
BAW157,2523.29,0.0146658,38.1564,121.337
BAW15K,2996.33,0.219745,67.2742,213.932
BAW15PZ,627.587,0.879243,3.7558,11.9434
BAW16,5931.2,0.907261,94.5792,300.762
BAW160J,149.462,6.35329,1.3668,4.34643
BAW161,5005.31,0.343298,71.437,227.17
BAW162,1954.62,0.833258,11.2356,35.7291
BAW163,1940.67,0.187089,11.3319,36.0355
BAW164,1954.62,0.833258,36.3153,115.483
BAW165,1939.03,0.11087,36.15,114.957
BAW166,1954.62,0.833258,30.1698,95.9401
BAW167,1940.7,0.188592,30.118,95.7751
BAW168,5010.4,0.434996,70.232,223.338
BAW169,5004.07,0.321076,69.5022,221.017
BAW16GM,547.316,3.06337,3.47902,11.0633
BAW16H,815.024,1.27705,4.84566,15.4092
BAW16LX,289.096,3.82408,2.18823,6.95858
BAW16MT,545.535,1.90431,3.47911,11.0636
BAW17,4809.32,0.527987,46.7577,148.69
BAW170M,748.65,5.35211,4.49605,14.2974
BAW172,3028.79,1.19439,67.7521,215.452
BAW173A,2996.33,0.219745,67.2742,213.932
BAW175,2996.33,0.219745,67.2742,213.932
BAW176A,3010.02,0.630787,67.3931,214.31
BAW178,3025.4,1.09255,67.6876,215.246
BAW179,2996.33,0.219745,44.7343,142.255
BAW17PA,3542.68,0.0237788,54.0507,171.881
BAW17V,4091.68,1.04055,87.412,277.97
BAW18,4817.17,0.675291,46.8337,148.931
BAW183,2991.27,0.0678432,67.1776,213.625
BAW185,3008.24,0.223991,46.5553,148.046
BAW188,3039.55,1.16025,45.052,143.265
BAW189,3008.24,0.223991,44.8944,142.764
BAW18A,3010.02,0.630787,44.6586,142.014
BAW18LX,289.096,3.82408,2.18823,6.95858
BAW18VT,615.066,1.81591,3.8374,12.2029
BAW190,4278.39,0.415056,90.7297,288.52
BAW196E,4208.28,0.411972,59.9261,190.565
BAW198,3897.43,0.155246,56.4821,179.613
BAW199,3892.91,0.0510036,56.0102,178.112
BAW19DG,192.36,2.21216,1.65994,5.27861
BAW19LX,313.178,11.6173,2.27446,7.23279
BAW19V,4063.24,0.409481,87.044,276.8
BAW1CC,1057.15,0.9743,6.07914,19.3317
BAW1DL,302.552,10.6385,2.2292,7.08885
BAW1YC,3822.23,0.884315,39.8503,126.724
BAW2038,3817.43,1.065,55.0487,175.055
BAW205E,1449.88,0.236157,7.90522,25.1386
BAW2063,5283.78,0.409564,73.942,235.136
BAW207,3887.09,1.21132,83.7893,266.45
BAW209,3887.09,1.21132,83.7893,266.45
BAW20K,1251.62,2.11522,6.99636,22.2484
BAW211J,157.015,11.2087,1.41405,4.49668
BAW2155,3653.71,0.14973,53.3447,169.636
BAW2169,3870.82,0.907523,55.2879,175.816
BAW216P,932.375,2.14614,5.2119,16.5738
BAW21G,2835.68,0.269711,50.4257,160.354
BAW21PJ,3012.85,0.676225,44.9425,142.917
BAW2205,3726.13,0.126422,54.2763,172.599
BAW222,3659.84,0.940548,37.8206,120.269
BAW2238,5523.64,0.710091,76.8135,244.267
BAW224,4030.73,0.444018,39.8851,126.835
BAW225,4019.17,0.185403,41.6521,132.454
BAW2273,3016.02,0.334399,44.9833,143.047
BAW2279,4768.9,2.0735,66.0851,210.151
BAW22B,3155.07,0.214187,31.9366,101.558
BAW22C,3168.27,0.590512,32.0644,101.965
BAW22KV,743.151,0.449003,4.2642,13.5602
BAW22LV,922.04,0.992427,5.36685,17.0666
BAW232,1377.36,0.278296,15.8371,50.3619
BAW233,1392.79,1.28652,16.0663,51.0908
BAW234,1383.59,0.685509,8.36149,26.5895
BAW235,1392.79,1.28652,8.39029,26.6811
BAW236,1383.59,0.685509,8.2914,26.3666
BAW237,1386.24,0.858783,8.35582,26.5715
BAW239,2834.59,0.235004,42.5659,135.36
BAW23T,3683.13,0.857285,53.8027,171.093
BAW242,4838.2,0.62923,48.5273,154.317
BAW243,4893.08,1.65412,50.3377,160.074
BAW244,6021.95,0.18551,82.6937,262.966
BAW245,6060.31,0.758314,83.779,266.417
BAW247,5169.05,1.12979,84.5293,268.803
BAW248,5002.64,0.1717,51.7849,164.676
BAW249,5040.44,0.850939,48.7724,155.096
BAW24MC,546.982,1.20023,3.36138,10.6892
BAW24R,3444.48,0.56776,93.9657,298.811
BAW251,6308.74,0.294623,63.0699,200.562
BAW253M,3807.25,1.01806,54.5163,173.362
BAW2543,762.297,0.453956,4.59627,14.6161
BAW2544,776.457,0.505633,4.66233,14.8262
BAW2545,797.479,2.94868,4.77808,15.1943
BAW2546,883.269,0.395311,4.92471,15.6606
BAW2547,920.111,4.15453,5.11115,16.2535
BAW2550,923.943,3.65997,5.47119,17.3984
BAW2551,902.375,1.47994,5.3089,16.8823
BAW2556,1504.15,0.504832,8.15396,25.9296
BAW2557,1503,0.435974,8.16028,25.9497
BAW255E,706.528,0.614471,4.27371,13.5904
BAW256,3656.43,0.594962,55.6482,176.961
BAW2562,1514.41,0.446226,8.25914,26.2641
BAW2563,1921.41,24.6813,10.1188,32.1777
BAW2567,724.667,2.93385,4.39591,13.979
BAW256R,578.145,2.89338,3.64796,11.6005
BAW257,3648.14,0.390119,52.9187,168.281
BAW2581,872.369,40.1127,5.14901,16.3738
BAW2586,615.066,1.81591,3.69133,11.7384
BAW25KP,773.688,4.15457,4.41844,14.0506
BAW25LR,1458.73,0.785498,7.93707,25.2399
BAW25VL,725.502,3.31914,4.88819,15.5444
BAW2605,864.741,0.580955,5.10027,16.2188
BAW2607,864.741,0.580955,5.10027,16.2188
BAW2610,872.616,1.4034,5.1237,16.2934
BAW2611,864.741,0.580955,5.10027,16.2188
BAW261C,819.352,0.746523,4.88314,15.5284
BAW262,2680.33,0.493842,61.1733,194.531
BAW2621,543.602,0.638315,3.48882,11.0945
BAW2622,546.982,1.20023,3.36138,10.6892
BAW2623,543.602,0.638315,3.36317,10.6949
BAW2625,543.602,0.638315,3.36317,10.6949
BAW2626,546.982,1.20023,3.4928,11.1071
BAW2627,543.602,0.638315,3.48882,11.0945
BAW263,2666.68,0.034504,60.9132,193.704
BAW2631,797.479,2.94868,4.77808,15.1943
BAW2635,805.527,3.88391,4.60197,14.6343
BAW2648,1016.42,0.925161,5.87506,18.6827
BAW2649,1011.84,0.516606,5.7912,18.416
BAW265,3186.9,0.0689052,33.6519,107.013
BAW2664,1591.07,1.11589,8.67196,27.5768
BAW2665,1578.42,0.393462,8.64211,27.4819
BAW268,4764.85,0.741675,124.514,395.956
BAW268N,546.982,1.20023,3.4928,11.1071
BAW269,4748.08,0.423218,124.133,394.742
BAW2694,933.596,2.26645,5.45085,17.3337
BAW26AV,1349.36,2.72167,7.46508,23.7389
BAW26E,4200.06,0.235771,60.2984,191.749
BAW27,5204.52,0.13908,85.4337,271.679
BAW2706,602.248,0.570403,3.78841,12.0472
BAW2708,602.248,0.570403,3.77293,11.9979
BAW2709,639.675,6.18229,3.97714,12.6473
BAW2714,923.943,3.65997,5.97659,19.0056
BAW2720,923.943,3.65997,5.40248,17.1799
BAW2723,901.498,1.39131,5.3045,16.8683
BAW273A,1481.9,1.19676,8.14661,25.9062
BAW274,4535.98,0.129931,95.2426,302.871
BAW274B,1476.42,0.860368,8.08021,25.6951
BAW275,4550.27,0.413092,95.4516,303.536
BAW276,4191.62,0.191035,43.2207,137.442
BAW2761,209.066,5.59732,1.73159,5.50647
BAW2767,149.462,6.35329,1.3668,4.34643
BAW277,4186.04,0.07122,42.7788,136.037
BAW2775,149.462,6.35329,1.20599,3.83505
BAW2778,157.015,11.2087,1.41405,4.49668
BAW279,4689.77,0.740359,47.6593,151.556
BAW2796,888.25,3.0708,5.22322,16.6099
BAW2797,872.934,1.47072,5.1591,16.4059
BAW27G,411.947,1.04245,3.02168,9.60895
BAW280,4774.69,0.928502,48.8299,155.279
BAW281,4748.08,0.423218,48.1689,153.177
BAW283,4749.42,0.448668,98.8112,314.22
BAW287,4743.45,1.81948,124.034,394.428
BAW28CY,576.281,2.03856,3.61423,11.4933
BAW28V,922.04,0.992427,5.36685,17.0666
BAW293,3192.14,0.216298,70.9925,225.756
BAW295,3438.81,0.419182,75.601,240.411
BAW297,3438.81,0.419182,93.8014,298.289
BAW29G,2863.49,1.15223,42.7185,135.845
BAW29PL,880.531,2.23003,5.16327,16.4192
BAW2CC,1048.36,0.22029,6.02513,19.1599
BAW2DP,480.059,0.707781,3.20601,10.1951
BAW2JA,212.07,5.53125,1.75861,5.59238
BAW2KP,764.302,0.485515,5.03555,16.013
BAW2LT,326.439,18.5629,2.332,7.41575
BAW2MZ,710.413,0.495819,4.31737,13.7292
BAW2PG,192.095,2.0851,1.8015,5.72876
BAW304,207.909,9.6437,1.71804,5.46337
BAW307,192.095,2.0851,1.62289,5.16079
BAW308,207.909,9.6437,1.77141,5.6331
BAW309,192.095,2.0851,1.62289,5.16079
BAW30AL,776.457,0.505633,4.66233,14.8262
BAW30CV,571.745,1.31632,3.59113,11.4198
BAW31,5204.52,0.13908,136.751,434.867
BAW314,207.909,9.6437,1.77141,5.6331
BAW315,192.095,2.0851,1.65816,5.27296
BAW316,207.909,9.6437,1.71804,5.46337
BAW31CE,567.428,0.915163,3.94558,12.5469
BAW31F,4129.37,0.31033,88.0239,279.916
BAW327,192.36,2.21216,1.65994,5.27861
BAW328,207.909,9.6437,1.91767,6.09818
BAW32CG,192.095,2.0851,1.62289,5.16079
BAW33,5730.11,0.123811,57.2668,182.108
BAW334G,959.558,3.18125,5.58064,17.7464
BAW335M,940.796,1.36459,5.50292,17.4993
BAW33CE,567.428,0.915163,3.43763,10.9317
BAW33K,2996.33,0.219745,67.2733,213.929
BAW34,5779.24,0.894299,58.3138,185.438
BAW341,567.428,0.915163,3.59087,11.419
BAW342,571.632,1.58674,3.96738,12.6163
BAW344N,571.615,1.58411,3.48452,11.0808
BAW348,571.615,1.58411,3.62178,11.5173
BAW349,567.428,0.915163,3.59087,11.419
BAW34BQ,629.86,0.215877,4.32062,13.7396
BAW34N,3860.66,0.593043,83.2519,264.741
BAW35,4446.34,0.0549907,45.2094,143.766
BAW352,571.615,1.58411,3.96063,12.5948
BAW354N,571.615,1.58411,3.96063,12.5948
BAW356,571.615,1.58411,3.48452,11.0808
BAW357,567.428,0.915163,3.43763,10.9317
BAW35MM,543.587,1.57714,3.47928,11.0641
BAW36,4452.12,0.171744,43.6287,138.739
BAW362,418.285,2.04598,3.03921,9.66469
BAW364,418.285,2.04598,3.03921,9.66469
BAW365,417.125,1.7915,2.80236,8.91149
BAW366,543.587,1.57714,3.46384,11.015
BAW368,543.587,1.57714,3.46384,11.015
BAW369,545.535,1.90431,3.47911,11.0636
BAW36CT,246.582,28.1286,1.93794,6.16266
BAW371,545.535,1.90431,3.47911,11.0636
BAW374,482.768,1.21817,3.13711,9.97601
BAW375,506.298,5.65095,3.16693,10.0708
BAW377,506.298,5.65095,3.16693,10.0708
BAW37AF,932.375,2.14614,5.45999,17.3628
BAW37DA,363.488,2.57193,2.49728,7.94136
BAW38,4425.28,0.511219,74.5234,236.984
BAW388,191.508,1.12642,1.67827,5.33689
BAW389,200.059,5.18351,1.71987,5.4692
BAW38DB,298.437,20.8261,2.18368,6.94409
BAW38P,4573.88,0.145703,95.9004,304.963
BAW39,4420,0.403486,73.8018,234.69
BAW391,200.059,5.18351,1.71987,5.4692
BAW392R,191.508,1.12642,1.64478,5.23039
BAW393B,200.059,5.18351,1.6755,5.3281
BAW394,191.508,1.12642,1.64478,5.23039
BAW395B,200.059,5.18351,1.6755,5.3281
BAW396,191.508,1.12642,1.64478,5.23039
BAW397,200.059,5.18351,1.6755,5.3281
BAW398R,191.508,1.12642,1.64478,5.23039
BAW399R,200.059,5.18351,1.6755,5.3281
BAW39YL,417.125,1.7915,2.80236,8.91149
BAW3C,3221.81,1.05232,71.4231,227.126
BAW3DL,302.552,10.6385,2.2292,7.08885
BAW3HK,425.637,3.83522,2.713,8.62734
BAW3PG,207.909,9.6437,1.77141,5.6331
BAW3RP,622.472,0.419281,3.88988,12.3698
BAW3ZL,431.601,1.25686,2.80745,8.92768
BAW404R,191.508,1.12642,1.64478,5.23039
BAW41C,3821.03,1.15056,55.4918,176.464
BAW41HA,201.501,0.78364,1.7357,5.51954
BAW41Y,418.285,2.04598,3.03921,9.66469
BAW423,201.501,0.78364,1.7357,5.51954
BAW428,212.07,5.53125,3.6367,11.5647
BAW429,201.501,0.78364,3.51545,11.1791
BAW42DB,273.244,11.4934,2.27017,7.21914
BAW42Y,417.125,1.7915,2.80236,8.91149
BAW430,212.07,5.53125,1.80795,5.7493
BAW431,201.501,0.78364,1.7357,5.51954
BAW432,212.07,5.53125,1.80795,5.7493
BAW433,201.501,0.78364,1.7357,5.51954
BAW435,201.501,0.78364,1.68993,5.37397
BAW438,212.07,5.53125,1.76735,5.62017
BAW439,201.501,0.78364,1.68993,5.37397
BAW43C,3821.03,1.15056,54.6718,173.856
BAW43HA,201.501,0.78364,1.7357,5.51954
BAW43LQ,629.86,0.215877,4.32062,13.7396
BAW440,212.07,5.53125,1.81727,5.77892
BAW442,212.07,5.53125,1.81727,5.77892
BAW444,212.07,5.53125,1.81727,5.77892
BAW44BC,623.399,0.534224,3.90035,12.4031
BAW44ML,1284.76,13.8328,6.86893,21.8432
BAW44N,4774.65,0.433154,78.7546,250.44
BAW454,925.919,2.10624,5.41616,17.2234
BAW456,695.59,3.05549,8.50224,27.0371
BAW457,680.316,1.01818,8.26334,26.2774
BAW45EM,680.316,1.01818,4.12248,13.1095
BAW45MA,1474.36,29.1154,7.67274,24.3993
BAW45T,786.123,0.77633,4.55037,14.4702
BAW460M,695.59,3.05549,11.9573,38.0242
BAW461,680.316,1.01818,11.5905,36.8579
BAW462,695.59,3.05549,4.68543,14.8997
BAW463,680.316,1.01818,4.49685,14.3
BAW464,695.59,3.05549,4.07752,12.9665
BAW465,680.316,1.01818,3.99213,12.695
BAW466,816.554,56.6646,4.92422,15.659
BAW467,508.123,1.36802,3.3093,10.5236
BAW468,525.179,4.42595,3.42041,10.8769
BAW469,508.123,1.36802,3.29774,10.4868
BAW46PX,563.175,0.495115,3.55934,11.3187
BAW472,623.399,0.534224,3.90035,12.4031
BAW473,649.559,4.32206,4.06792,12.936
BAW474,623.399,0.534224,3.90035,12.4031
BAW475,649.559,4.32206,4.00323,12.7303
BAW477,649.559,4.32206,4.00323,12.7303
BAW479,649.559,4.32206,4.06792,12.936
BAW47MG,902.375,1.47994,5.42818,17.2616
BAW47NL,530.245,0.169098,3.24789,10.3283
BAW480,623.399,0.534224,3.88395,12.351
BAW481B,649.559,4.32206,4.02844,12.8104
BAW485,649.559,4.32206,4.06792,12.936
BAW486,623.399,0.534224,3.90035,12.4031
BAW487,649.559,4.32206,4.02844,12.8104
BAW48BC,623.399,0.534224,3.88395,12.351
BAW48G,740.124,0.230133,4.4663,14.2028
BAW48Q,4165.58,0.219427,88.4052,281.128
BAW49,4238.11,1.78556,89.9707,286.107
BAW490U,961.534,1.75435,5.59429,17.7898
BAW491U,950.68,0.721602,5.55358,17.6604
BAW499,854.041,1.00068,5.05492,16.0746
BAW49AJ,570.381,4.51519,3.47465,11.0494
BAW49MG,902.375,1.47994,5.06801,16.1163
BAW4AB,512.055,0.18207,3.63299,11.5529
BAW4DC,207.909,9.6437,1.71804,5.46337
BAW4DP,506.298,5.65095,3.3079,10.5191
BAW4GP,902.375,1.47994,5.42818,17.2616
BAW4LT,326.439,18.5629,2.332,7.41575
BAW4VK,671.468,2.92926,3.94741,12.5528
BAW5,5196.51,0.366691,52.5702,167.173
BAW501,856.384,1.24964,5.03902,16.0241
BAW502,987.788,15.2096,5.67311,18.0405
BAW503,856.384,1.24964,5.03902,16.0241
BAW504,848.809,0.444906,5.0268,15.9852
BAW507,942.258,1.714,5.47808,17.4203
BAW508,938.355,1.33516,5.47853,17.4217
BAW50G,2834.59,0.235004,42.0829,133.823
BAW50MJ,544.539,0.245324,3.36777,10.7095
BAW50PT,848.809,0.444906,4.98877,15.8643
BAW51B,2848.12,0.66451,42.5142,135.195
BAW51VN,615.605,8.89481,3.8461,12.2306
BAW524R,782.87,2.88777,4.68005,14.8825
BAW52CV,571.745,1.31632,3.59113,11.4198
BAW52PX,576.234,2.58727,3.63853,11.5705
BAW53KP,783.571,2.76,5.14005,16.3453
BAW53ZG,571.527,3.27409,3.40635,10.8322
BAW540,639.234,1.55443,4.33341,13.7803
BAW542,639.234,1.55443,3.96201,12.5992
BAW544K,639.234,1.55443,3.96201,12.5992
BAW545,629.86,0.215877,3.96268,12.6013
BAW546,793.826,1.66317,4.55656,14.4899
BAW548,793.826,1.66317,4.55656,14.4899
BAW54RT,475.811,0.248396,2.96195,9.41899
BAW551,786.123,0.77633,5.1544,16.391
BAW552,793.826,1.66317,4.7392,15.0706
BAW553,786.123,0.77633,4.7174,15.0013
BAW555,786.123,0.77633,4.7174,15.0013
BAW556,794.466,1.73692,5.20169,16.5414
BAW557,786.123,0.77633,5.1544,16.391
BAW558,794.466,1.73692,4.74196,15.0794
BAW559,786.123,0.77633,9.49068,30.1804
BAW55K,4906.91,0.177225,127.864,406.607
BAW560,793.826,1.66317,9.56469,30.4157
BAW563,530.245,0.169098,3.24789,10.3283
BAW564Y,547.316,3.06337,3.47902,11.0633
BAW567M,512.161,1.20093,3.30312,10.5039
BAW568,547.316,3.06337,3.47902,11.0633
BAW56NL,530.245,0.169098,3.39095,10.7832
BAW572,522.794,3.0887,3.43112,10.911
BAW574,547.316,3.06337,3.47902,11.0633
BAW575,530.245,0.169098,3.24789,10.3283
BAW576V,547.316,3.06337,3.47902,11.0633
BAW577,530.245,0.169098,3.24789,10.3283
BAW579V,627.11,0.810321,3.72356,11.8409
BAW57AA,485.321,2.0468,3.0671,9.75338
BAW57K,4906.9,0.176923,101.381,322.392
BAW57T,485.321,2.0468,3.0671,9.75338
BAW580,522.794,3.0887,3.34227,10.6284
BAW581,512.161,1.20093,3.1477,10.0097
BAW582,522.794,3.0887,3.73889,11.8897
BAW583,512.161,1.20093,3.60809,11.4737
BAW585E,608.114,0.78113,3.62982,11.5428
BAW58HM,209.443,5.76894,1.5693,4.99038
BAW59,5228.05,0.0657156,107.01,340.293
BAW596,627.587,0.879243,3.7558,11.9434
BAW597C,627.11,0.810321,3.72356,11.8409
BAW598D,627.587,0.879243,3.90481,12.4173
BAW599,650.443,4.17911,4.10211,13.0447
BAW59G,392.235,0.860391,2.74846,8.74011
BAW59GT,1314.48,0.332364,7.29651,23.2029
BAW5AL,776.457,0.505633,4.42697,14.0778
BAW5DL,302.552,10.6385,2.2292,7.08885
BAW5EA,4174.49,0.411757,59.9775,190.728
BAW5JH,923.943,3.65997,5.40248,17.1799
BAW5LG,472.227,9.59691,3.10162,9.86315
BAW5VY,4149.86,1.33461,110.514,351.435
BAW6,5212.67,0.646959,52.2139,166.04
BAW604,656.009,2.18477,4.50866,14.3375
BAW605,641.468,0.147405,4.35678,13.8546
BAW60T,3887.57,1.17157,55.4948,176.473
BAW612M,209.066,5.59732,1.57912,5.02159
BAW61XM,985.655,0.412625,5.71404,18.1707
BAW62,4416.08,0.081906,47.8626,152.203
BAW629B,639.675,6.18229,4.01552,12.7694
BAW62G,433.275,10.3388,3.12968,9.95237
BAW62MM,547.316,3.06337,3.47902,11.0633
BAW62NL,578.905,8.4192,3.59216,11.4231
BAW631,1315.41,0.396091,7.25639,23.0753
BAW633,1315.41,0.396091,14.6993,46.7438
BAW639,1315.41,0.396091,7.331,23.3126
BAW63GV,1349.36,2.72167,7.41701,23.5861
BAW644,2244.82,66.8044,11.6875,37.1661
BAW645,2450.23,81.1281,12.5225,39.8216
BAW64G,433.275,10.3388,2.96599,9.43184
BAW64M,3693.53,0.0448221,80.2854,255.307
BAW65,3709.04,0.421904,80.4886,255.954
BAW650,1381.66,0.276217,7.57058,24.0744
BAW651,1384.17,0.439178,7.58253,24.1125
BAW65PL,643.825,3.51176,3.98242,12.6641
BAW65TR,1432.51,0.338757,7.82373,24.8795
BAW662,1770.51,0.0840531,19.0886,60.7019
BAW663,1782.49,0.692078,19.1662,60.9484
BAW664,1770.51,0.0840531,9.48054,30.1481
BAW665,1782.49,0.692078,9.47593,30.1335
BAW66GA,1315.41,0.396091,7.331,23.3126
BAW66Q,1250.34,2.02162,7.01001,22.2918
BAW675,1368.14,0.793396,7.51546,23.8992
BAW676,1396.78,2.68786,7.69672,24.4756
BAW677,1368.14,0.793396,7.59486,24.1516
BAW67V,3077.67,0.216068,68.8258,218.866
BAW680,254.603,-72.8842,2.00915,6.38909
BAW681D,918.182,0.612798,5.35957,17.0434
BAW68H,804.043,0.0508204,4.78438,15.2143
BAW68WG,279.717,13.8916,2.18251,6.9404
BAW696V,688.493,0.0552772,4.20543,13.3733
BAW697V,698.059,1.30269,4.22501,13.4355
BAW699W,698.059,1.30269,4.22501,13.4355
BAW69BC,623.399,0.534224,3.86599,12.2939
BAW6AM,512.055,0.18207,3.16859,10.0761
BAW6B,4659.52,0.199589,122.169,388.498
BAW6DP,482.768,1.21817,3.13711,9.97601
BAW6NC,2818.08,0.145545,28.8137,91.6277
BAW6PW,731.564,0.451227,4.85479,15.4382
BAW6VK,671.287,2.90429,3.90707,12.4245
BAW7,5201.81,0.471247,84.9204,270.047
BAW700W,722.138,4.4429,4.37503,13.9126
BAW701V,698.059,1.30269,4.25315,13.525
BAW702,722.138,4.4429,4.35366,13.8446
BAW703,698.059,1.30269,4.22501,13.4355
BAW704W,688.493,0.0552772,4.20543,13.3733
BAW705,698.059,1.30269,4.25315,13.525
BAW706V,688.493,0.0552772,4.20543,13.3733
BAW709,431.601,1.25686,2.80745,8.92768
BAW70CE,567.428,0.915163,3.94558,12.5469
BAW70Y,157.015,11.2087,1.41405,4.49668
BAW710,442.136,3.47776,2.79724,8.89521
BAW711,431.601,1.25686,2.80745,8.92768
BAW712T,474.799,10.3634,3.21791,10.233
BAW714T,474.799,10.3634,3.21791,10.233
BAW715T,431.601,1.25686,2.80745,8.92768
BAW717T,431.601,1.25686,2.8885,9.18542
BAW718,442.136,3.47776,2.79724,8.89521
BAW719,431.601,1.25686,2.80745,8.92768
BAW71CU,1114.06,0.55152,6.32358,20.109
BAW71F,5837.5,22.9348,116.945,371.886
BAW71MA,695.59,3.05549,4.29793,13.6674
BAW72,2986.97,0.307848,39.3906,125.262
BAW720T,474.799,10.3634,3.38205,10.7549
BAW723,411.947,1.04245,2.64041,8.39651
BAW724,422.708,3.4135,2.81548,8.95323
BAW725,411.947,1.04245,2.64041,8.39651
BAW726G,422.708,3.4135,3.15954,10.0473
BAW72A,4758.24,0.123136,79.2691,252.076
BAW72J,160.339,13.3456,1.26798,4.03219
BAW73,2977.15,0.0119262,39.0625,124.219
BAW730,422.708,3.4135,2.81548,8.95323
BAW731,411.947,1.04245,2.64041,8.39651
BAW732,422.708,3.4135,2.89986,9.22154
BAW733C,411.947,1.04245,2.76912,8.80581
BAW734,422.708,3.4135,2.81548,8.95323
BAW735,411.947,1.04245,2.64041,8.39651
BAW738,422.708,3.4135,2.89986,9.22154
BAW73J,149.462,6.35329,1.20599,3.83505
BAW74,2724.18,0.779673,62.0266,197.244
BAW748,433.275,10.3388,2.99705,9.53061
BAW74J,160.339,13.3456,1.26798,4.03219
BAW74PB,557.158,0.935733,3.38175,10.754
BAW75,2704.98,0.141915,61.495,195.554
BAW751,392.235,0.860391,2.62649,8.35222
BAW753,392.235,0.860391,2.69961,8.58476
BAW756,433.275,10.3388,2.99705,9.53061
BAW75M,516.058,1.89284,3.34951,10.6514
BAW75U,405.788,6.1525,2.81208,8.94241
BAW761,679.7,4.0652,4.13059,13.1353
BAW763,679.74,4.0707,4.58015,14.5649
BAW769,679.7,4.0652,3.95308,12.5708
BAW76GF,392.235,0.860391,2.62649,8.35222
BAW76PK,872.616,1.4034,5.1237,16.2934
BAW771C,825.659,4.185,4.66418,14.8321
